mode,n_outputs,n_params,rank,rank_tol,lambda_min_pos,lambda_max,kappa_pos,trace,lambda_min_pos_over_trace,lambda_max_over_trace,stable_gd_lr_bound,train_lr_times_lambda_max,train_lr_times_lambda_min_pos
mace_e3nn,26,146048,25,1e-12,6.401585583201531e-10,0.0013892547508465654,2170172.893559564,0.001848077489365264,3.463916215656197e-07,0.7517297076778503,1439.6207742181675,1.3892547508465653e-06,6.401585583201531e-13
mace_cueq,26,146048,25,1e-12,1.0405472911323015e-09,0.0017140377642902791,1647246.3855295798,0.0023118432624507257,4.5009422050059053e-07,0.7414160778673515,1166.835434823764,1.7140377642902793e-06,1.0405472911323014e-12
ictd_bridge_u,26,146688,25,5.93875619284176e-12,2.455314917795018e-08,0.0593875619284176,2418735.026533797,0.08070983884068979,3.0421506882716924e-07,0.735815642571664,33.677085488215305,5.93875619284176e-05,2.455314917795018e-11
ictd_cueq,26,146688,25,5.9387561928417586e-12,2.4553149178106908e-08,0.059387561928417584,2418735.026518357,0.08070983884068977,3.0421506882911117e-07,0.7358156425716639,33.67708548821531,5.938756192841759e-05,2.4553149178106908e-11
