{
  "atomic_numbers": [
    1,
    6
  ],
  "batch_index": 0,
  "batch_size": 2,
  "data_dir": "/tmp/mace_ictd_public_md17/revised_benzene",
  "dtype": "float64",
  "e0_values": [
    -525.5414002254565,
    -525.5414002254565
  ],
  "max_force_components": 24,
  "modes": {
    "ictd_bridge_u": {
      "eigvals": [
        3.81223013299258e-12,
        2.455314917795018e-08,
        5.169145263546717e-08,
        8.468272377133419e-08,
        1.3229783024077963e-07,
        1.603695345909286e-07,
        2.2297485432587128e-07,
        2.7034796773763374e-07,
        6.056490186668288e-07,
        1.0103169906045887e-06,
        1.2324101529835815e-06,
        2.315845302168347e-06,
        3.0101049055439816e-06,
        5.320634852180075e-06,
        9.80569263796372e-06,
        2.16182851591076e-05,
        3.690106688187201e-05,
        5.212814951538075e-05,
        0.00012940810064086084,
        0.0003109888599687949,
        0.0005647104584056313,
        0.0008495019777059923,
        0.0013025648866125871,
        0.003020790940196391,
        0.015009416612000746,
        0.0593875619284176
      ],
      "kappa_pos": 2418735.026533797,
      "lambda_max": 0.0593875619284176,
      "lambda_max_over_trace": 0.735815642571664,
      "lambda_min_pos": 2.455314917795018e-08,
      "lambda_min_pos_over_trace": 3.0421506882716924e-07,
      "n_outputs": 26,
      "n_params": 146688,
      "rank": 25,
      "rank_tol": 5.93875619284176e-12,
      "stable_gd_lr_bound": 33.677085488215305,
      "trace": 0.08070983884068979,
      "train_lr_times_lambda_max": 5.93875619284176e-05,
      "train_lr_times_lambda_min_pos": 2.455314917795018e-11
    },
    "ictd_cueq": {
      "eigvals": [
        3.8122299478629415e-12,
        2.4553149178106908e-08,
        5.169145263557436e-08,
        8.468272377208838e-08,
        1.322978302402507e-07,
        1.603695345903519e-07,
        2.2297485432698815e-07,
        2.7034796773981543e-07,
        6.056490186674004e-07,
        1.0103169906051128e-06,
        1.2324101529837625e-06,
        2.3158453021686503e-06,
        3.0101049055453263e-06,
        5.32063485218171e-06,
        9.805692637962581e-06,
        2.1618285159107684e-05,
        3.6901066881871926e-05,
        5.2128149515380504e-05,
        0.0001294081006408603,
        0.000310988859968796,
        0.000564710458405632,
        0.0008495019777059908,
        0.0013025648866125871,
        0.0030207909401963884,
        0.015009416612000743,
        0.059387561928417584
      ],
      "kappa_pos": 2418735.026518357,
      "lambda_max": 0.059387561928417584,
      "lambda_max_over_trace": 0.7358156425716639,
      "lambda_min_pos": 2.4553149178106908e-08,
      "lambda_min_pos_over_trace": 3.0421506882911117e-07,
      "n_outputs": 26,
      "n_params": 146688,
      "rank": 25,
      "rank_tol": 5.9387561928417586e-12,
      "stable_gd_lr_bound": 33.67708548821531,
      "trace": 0.08070983884068977,
      "train_lr_times_lambda_max": 5.938756192841759e-05,
      "train_lr_times_lambda_min_pos": 2.4553149178106908e-11
    },
    "mace_cueq": {
      "eigvals": [
        1.4650151362521953e-13,
        1.0405472911323015e-09,
        2.2870192248867097e-09,
        4.515148779101242e-09,
        6.043415840471654e-09,
        6.58214315536285e-09,
        8.140810437853837e-09,
        1.0326292338613405e-08,
        1.9484364056283948e-08,
        3.4629901041885824e-08,
        4.10797729413368e-08,
        8.06468754187345e-08,
        9.824909453537156e-08,
        1.5744028034375818e-07,
        3.346118874413722e-07,
        6.852423717409e-07,
        8.684407181623689e-07,
        1.78083504600835e-06,
        4.3518010821675566e-06,
        9.107861385331398e-06,
        1.4834480535616677e-05,
        2.043612187941333e-05,
        4.540194485734567e-05,
        4.995019711711228e-05,
        0.00044958349546820047,
        0.0017140377642902791
      ],
      "kappa_pos": 1647246.3855295798,
      "lambda_max": 0.0017140377642902791,
      "lambda_max_over_trace": 0.7414160778673515,
      "lambda_min_pos": 1.0405472911323015e-09,
      "lambda_min_pos_over_trace": 4.5009422050059053e-07,
      "n_outputs": 26,
      "n_params": 146048,
      "rank": 25,
      "rank_tol": 1e-12,
      "stable_gd_lr_bound": 1166.835434823764,
      "trace": 0.0023118432624507257,
      "train_lr_times_lambda_max": 1.7140377642902793e-06,
      "train_lr_times_lambda_min_pos": 1.0405472911323014e-12
    },
    "mace_e3nn": {
      "eigvals": [
        9.663966147912997e-14,
        6.401585583201531e-10,
        1.3087779941858983e-09,
        2.3132786490561403e-09,
        3.5577804832434237e-09,
        4.084340600043579e-09,
        6.155727628326079e-09,
        7.522503366157511e-09,
        1.5621205631041826e-08,
        2.6206907891156814e-08,
        3.186109091183033e-08,
        5.881979988899665e-08,
        7.594661911427417e-08,
        1.2961549245024486e-07,
        2.357946669302662e-07,
        4.981525285807781e-07,
        8.543043561570271e-07,
        1.1922835876163284e-06,
        3.077369099847422e-06,
        7.540852486359777e-06,
        1.4072913593480988e-05,
        1.992691877304448e-05,
        2.9877857480734772e-05,
        4.407317732774724e-05,
        0.0003371094608383931,
        0.0013892547508465654
      ],
      "kappa_pos": 2170172.893559564,
      "lambda_max": 0.0013892547508465654,
      "lambda_max_over_trace": 0.7517297076778503,
      "lambda_min_pos": 6.401585583201531e-10,
      "lambda_min_pos_over_trace": 3.463916215656197e-07,
      "n_outputs": 26,
      "n_params": 146048,
      "rank": 25,
      "rank_tol": 1e-12,
      "stable_gd_lr_bound": 1439.6207742181675,
      "trace": 0.001848077489365264,
      "train_lr_times_lambda_max": 1.3892547508465653e-06,
      "train_lr_times_lambda_min_pos": 6.401585583201531e-13
    }
  },
  "scale": 0.008778662203336804,
  "seed": 20260616,
  "shift": 8.564370219954487e-14,
  "split": "val"
}
