mode,n_outputs,n_params,rank,rank_tol,lambda_min_pos,lambda_max,kappa_pos,trace,lambda_min_pos_over_trace,lambda_max_over_trace,stable_gd_lr_bound,train_lr_times_lambda_max,train_lr_times_lambda_min_pos
mace_e3nn,26,146048,25,1e-12,3.689273241921295e-10,0.0013914216979184885,3771533.325609316,0.001957646530718069,1.8845451331645975e-07,0.7107624773345126,1437.3787637435296,1.3914216979184886e-06,3.6892732419212954e-13
ictd_bridge_u,26,146688,26,5.9749824179087335e-12,1.2188995132549654e-11,0.059749824179087335,4901948317.259608,0.08358809465406311,1.4582214348819545e-10,0.7148126108911489,33.47290184495652,5.9749824179087337e-05,1.2188995132549654e-14
ictd_cueq,26,146688,26,5.974982417908733e-12,1.2188992508093114e-11,0.05974982417908732,4901949372.716021,0.0835880946540631,1.458221120907034e-10,0.7148126108911488,33.472901844956525,5.974982417908732e-05,1.2188992508093115e-14
