{
  "atomic_numbers": [
    1,
    6
  ],
  "batch_index": 1,
  "batch_size": 2,
  "data_dir": "/tmp/mace_ictd_public_md17/revised_benzene",
  "dtype": "float64",
  "e0_values": [
    -525.5414002254565,
    -525.5414002254565
  ],
  "max_force_components": 24,
  "modes": {
    "ictd_bridge_u": {
      "eigvals": [
        1.2188995132549654e-11,
        1.3539340776705332e-08,
        3.183442759052785e-08,
        1.173572617846978e-07,
        1.567005953248607e-07,
        2.7081231965302685e-07,
        3.6525292261118115e-07,
        5.692111513901854e-07,
        9.654842571719764e-07,
        1.0374074174749203e-06,
        1.3603612930068008e-06,
        2.7190895506468337e-06,
        3.366913724283558e-06,
        4.2605663609405635e-06,
        8.04143805060693e-06,
        1.6517588670425466e-05,
        3.150516653558951e-05,
        3.800653232010645e-05,
        7.402277535692369e-05,
        0.00029017380625061495,
        0.0003839923789198654,
        0.0008435301155707059,
        0.0009390782777552028,
        0.003052537249636845,
        0.01814563060309724,
        0.059749824179087335
      ],
      "kappa_pos": 4901948317.259608,
      "lambda_max": 0.059749824179087335,
      "lambda_max_over_trace": 0.7148126108911489,
      "lambda_min_pos": 1.2188995132549654e-11,
      "lambda_min_pos_over_trace": 1.4582214348819545e-10,
      "n_outputs": 26,
      "n_params": 146688,
      "rank": 26,
      "rank_tol": 5.9749824179087335e-12,
      "stable_gd_lr_bound": 33.47290184495652,
      "trace": 0.08358809465406311,
      "train_lr_times_lambda_max": 5.9749824179087337e-05,
      "train_lr_times_lambda_min_pos": 1.2188995132549654e-14
    },
    "ictd_cueq": {
      "eigvals": [
        1.2188992508093114e-11,
        1.3539340776077595e-08,
        3.183442759028961e-08,
        1.173572617849182e-07,
        1.5670059532465098e-07,
        2.708123196533985e-07,
        3.6525292261075446e-07,
        5.692111513902132e-07,
        9.654842571721913e-07,
        1.0374074174755132e-06,
        1.3603612930071536e-06,
        2.7190895506470594e-06,
        3.3669137242820083e-06,
        4.260566360940836e-06,
        8.041438050605609e-06,
        1.6517588670424456e-05,
        3.15051665355895e-05,
        3.8006532320106636e-05,
        7.402277535692269e-05,
        0.0002901738062506135,
        0.00038399237891986423,
        0.0008435301155707066,
        0.0009390782777552028,
        0.003052537249636846,
        0.01814563060309724,
        0.05974982417908732
      ],
      "kappa_pos": 4901949372.716021,
      "lambda_max": 0.05974982417908732,
      "lambda_max_over_trace": 0.7148126108911488,
      "lambda_min_pos": 1.2188992508093114e-11,
      "lambda_min_pos_over_trace": 1.458221120907034e-10,
      "n_outputs": 26,
      "n_params": 146688,
      "rank": 26,
      "rank_tol": 5.974982417908733e-12,
      "stable_gd_lr_bound": 33.472901844956525,
      "trace": 0.0835880946540631,
      "train_lr_times_lambda_max": 5.974982417908732e-05,
      "train_lr_times_lambda_min_pos": 1.2188992508093115e-14
    },
    "mace_e3nn": {
      "eigvals": [
        3.3041959795607764e-13,
        3.689273241921295e-10,
        8.573665689069322e-10,
        3.1156504064333763e-09,
        3.889184064442403e-09,
        7.466126846600323e-09,
        1.0687027340250432e-08,
        1.4393325215494758e-08,
        2.7408471880208016e-08,
        2.8770164535904942e-08,
        3.722203470624104e-08,
        7.258116970151718e-08,
        9.101101424458218e-08,
        1.1445239198940059e-07,
        2.0704340594475757e-07,
        4.1585951977388813e-07,
        7.853922311636875e-07,
        9.593919936150617e-07,
        1.779348011920698e-06,
        7.606685356217624e-06,
        9.049160059822295e-06,
        1.9442795578258506e-05,
        2.480590015156848e-05,
        4.8316425635115345e-05,
        0.000452444607670936,
        0.0013914216979184885
      ],
      "kappa_pos": 3771533.325609316,
      "lambda_max": 0.0013914216979184885,
      "lambda_max_over_trace": 0.7107624773345126,
      "lambda_min_pos": 3.689273241921295e-10,
      "lambda_min_pos_over_trace": 1.8845451331645975e-07,
      "n_outputs": 26,
      "n_params": 146048,
      "rank": 25,
      "rank_tol": 1e-12,
      "stable_gd_lr_bound": 1437.3787637435296,
      "trace": 0.001957646530718069,
      "train_lr_times_lambda_max": 1.3914216979184886e-06,
      "train_lr_times_lambda_min_pos": 3.6892732419212954e-13
    }
  },
  "scale": 0.008778662203336804,
  "seed": 20260616,
  "shift": 8.564370219954487e-14,
  "split": "val"
}
