{
  "atomic_numbers": [
    1,
    6
  ],
  "batch_index": 2,
  "batch_size": 2,
  "data_dir": "/tmp/mace_ictd_public_md17/revised_benzene",
  "dtype": "float64",
  "e0_values": [
    -525.5414002254565,
    -525.5414002254565
  ],
  "max_force_components": 24,
  "modes": {
    "ictd_bridge_u": {
      "eigvals": [
        7.7133087755924e-12,
        2.1902716633785342e-08,
        6.132413472077102e-08,
        9.010489218683966e-08,
        1.2748449331838533e-07,
        1.8179891065049427e-07,
        2.4453743119225455e-07,
        4.574919787429792e-07,
        5.656601291367964e-07,
        1.0786826547036895e-06,
        1.6212226494855889e-06,
        1.9866155678343368e-06,
        2.891624051404772e-06,
        4.224637550016999e-06,
        9.59020162324667e-06,
        1.4922126145863038e-05,
        3.831467215372771e-05,
        5.781774347045274e-05,
        0.0001075886041444223,
        0.0001325493463993139,
        0.0002593314720141445,
        0.0004813513073306343,
        0.0007322722084879447,
        0.0030485762425404178,
        0.016133565232681404,
        0.05380225221263116
      ],
      "kappa_pos": 6975249374.546013,
      "lambda_max": 0.05380225221263116,
      "lambda_max_over_trace": 0.718976895918435,
      "lambda_min_pos": 7.7133087755924e-12,
      "lambda_min_pos_over_trace": 1.0307543964551519e-10,
      "n_outputs": 26,
      "n_params": 146688,
      "rank": 26,
      "rank_tol": 5.380225221263116e-12,
      "stable_gd_lr_bound": 37.17316502097025,
      "trace": 0.07483168446449606,
      "train_lr_times_lambda_max": 5.3802252212631155e-05,
      "train_lr_times_lambda_min_pos": 7.7133087755924e-15
    },
    "ictd_cueq": {
      "eigvals": [
        7.713308552450483e-12,
        2.1902716634260954e-08,
        6.132413472148257e-08,
        9.010489218677968e-08,
        1.274844933183515e-07,
        1.817989106510904e-07,
        2.445374311927079e-07,
        4.574919787442189e-07,
        5.656601291373854e-07,
        1.0786826547071314e-06,
        1.6212226494849564e-06,
        1.986615567834588e-06,
        2.891624051404805e-06,
        4.224637550017315e-06,
        9.590201623247367e-06,
        1.4922126145863078e-05,
        3.83146721537288e-05,
        5.781774347045087e-05,
        0.0001075886041444235,
        0.0001325493463993142,
        0.0002593314720141433,
        0.0004813513073306343,
        0.000732272208487945,
        0.003048576242540413,
        0.016133565232681415,
        0.05380225221263116
      ],
      "kappa_pos": 6975249576.33627,
      "lambda_max": 0.05380225221263116,
      "lambda_max_over_trace": 0.7189768959184349,
      "lambda_min_pos": 7.713308552450483e-12,
      "lambda_min_pos_over_trace": 1.0307543666359755e-10,
      "n_outputs": 26,
      "n_params": 146688,
      "rank": 26,
      "rank_tol": 5.380225221263116e-12,
      "stable_gd_lr_bound": 37.17316502097025,
      "trace": 0.07483168446449608,
      "train_lr_times_lambda_max": 5.3802252212631155e-05,
      "train_lr_times_lambda_min_pos": 7.713308552450483e-15
    },
    "mace_e3nn": {
      "eigvals": [
        2.2036161573601058e-13,
        5.877330909721654e-10,
        1.8427723367130222e-09,
        2.418610864257348e-09,
        4.056101652972023e-09,
        5.202551671437588e-09,
        6.2130346879670874e-09,
        1.219732242202009e-08,
        1.5551731447373106e-08,
        3.1092350038606277e-08,
        4.154568233142672e-08,
        5.539446715454065e-08,
        7.259327235861498e-08,
        1.0869898205515815e-07,
        2.363737156384554e-07,
        3.5993641535202403e-07,
        9.397283603706216e-07,
        1.4955841474676637e-06,
        2.650348588122959e-06,
        3.477082422434348e-06,
        6.078023074955971e-06,
        1.1456865094638198e-05,
        1.94737788633701e-05,
        4.8239384631143365e-05,
        0.0003998834547757074,
        0.0012635226496765792
      ],
      "kappa_pos": 2149823.906608006,
      "lambda_max": 0.0012635226496765792,
      "lambda_max_over_trace": 0.7186575900950732,
      "lambda_min_pos": 5.877330909721654e-10,
      "lambda_min_pos_over_trace": 3.342867236177366e-07,
      "n_outputs": 26,
      "n_params": 146048,
      "rank": 25,
      "rank_tol": 1e-12,
      "stable_gd_lr_bound": 1582.8762551363325,
      "trace": 0.0017581706045982541,
      "train_lr_times_lambda_max": 1.2635226496765792e-06,
      "train_lr_times_lambda_min_pos": 5.877330909721655e-13
    }
  },
  "scale": 0.008778662203336804,
  "seed": 20260616,
  "shift": 8.564370219954487e-14,
  "split": "val"
}
