mode,n_outputs,n_params,rank,rank_tol,lambda_min_pos,lambda_max,kappa_pos,trace,lambda_min_pos_over_trace,lambda_max_over_trace,stable_gd_lr_bound,train_lr_times_lambda_max,train_lr_times_lambda_min_pos
mace_e3nn,26,146048,25,1e-12,5.877330909721654e-10,0.0012635226496765792,2149823.906608006,0.0017581706045982541,3.342867236177366e-07,0.7186575900950732,1582.8762551363325,1.2635226496765792e-06,5.877330909721655e-13
ictd_bridge_u,26,146688,26,5.380225221263116e-12,7.7133087755924e-12,0.05380225221263116,6975249374.546013,0.07483168446449606,1.0307543964551519e-10,0.718976895918435,37.17316502097025,5.3802252212631155e-05,7.7133087755924e-15
ictd_cueq,26,146688,26,5.380225221263116e-12,7.713308552450483e-12,0.05380225221263116,6975249576.33627,0.07483168446449608,1.0307543666359755e-10,0.7189768959184349,37.17316502097025,5.3802252212631155e-05,7.713308552450483e-15
