{
  "atomic_numbers": [
    1,
    6,
    8
  ],
  "batch_index": 1,
  "batch_size": 2,
  "data_dir": "/tmp/mace_ictd_public_md17/revised_aspirin",
  "dtype": "float64",
  "e0_values": [
    -875.415358317322,
    -984.8422781069872,
    -437.707679158661
  ],
  "max_force_components": 24,
  "modes": {
    "ictd_bridge_u": {
      "eigvals": [
        7.694739880719732e-09,
        4.7789446411459935e-06,
        1.2742086542339971e-05,
        3.9068653797427105e-05,
        4.602106652226819e-05,
        5.054882449285323e-05,
        7.521557690678007e-05,
        0.00013027692468213693,
        0.00015300759584262893,
        0.00020390160725324607,
        0.0002471881188222534,
        0.00042635360708360363,
        0.00045734600143010134,
        0.000615491827178048,
        0.000740690491396092,
        0.0012607239091769805,
        0.0021235152408230888,
        0.002185372335214356,
        0.002723735033688606,
        0.002897702663315629,
        0.004507320259072891,
        0.005452369300962819,
        0.010640024095491345,
        0.01323277681958519,
        0.015529492975403868,
        0.030547149456463668
      ],
      "kappa_pos": 3969874.2166715614,
      "lambda_max": 0.030547149456463668,
      "lambda_max_over_trace": 0.32392614660658303,
      "lambda_min_pos": 7.694739880719732e-09,
      "lambda_min_pos_over_trace": 8.159607305597974e-08,
      "n_outputs": 26,
      "n_params": 155648,
      "rank": 26,
      "rank_tol": 3.0547149456463667e-12,
      "stable_gd_lr_bound": 65.47255752457149,
      "trace": 0.09430282111052923,
      "train_lr_times_lambda_max": 3.054714945646367e-05,
      "train_lr_times_lambda_min_pos": 7.694739880719733e-12
    },
    "ictd_cueq": {
      "eigvals": [
        7.694739879433483e-09,
        4.778944641145782e-06,
        1.2742086542339195e-05,
        3.906865379742749e-05,
        4.602106652226947e-05,
        5.0548824492853254e-05,
        7.521557690678048e-05,
        0.00013027692468213888,
        0.0001530075958426299,
        0.0002039016072532478,
        0.00024718811882225414,
        0.0004263536070836037,
        0.0004573460014301022,
        0.0006154918271780482,
        0.0007406904913960909,
        0.001260723909176984,
        0.002123515240823088,
        0.0021853723352143564,
        0.0027237350336886037,
        0.00289770266331563,
        0.004507320259072893,
        0.0054523693009628236,
        0.010640024095491342,
        0.013232776819585193,
        0.015529492975403864,
        0.03054714945646366
      ],
      "kappa_pos": 3969874.2173351627,
      "lambda_max": 0.03054714945646366,
      "lambda_max_over_trace": 0.323926146606583,
      "lambda_min_pos": 7.694739879433483e-09,
      "lambda_min_pos_over_trace": 8.159607304234018e-08,
      "n_outputs": 26,
      "n_params": 155648,
      "rank": 26,
      "rank_tol": 3.0547149456463663e-12,
      "stable_gd_lr_bound": 65.4725575245715,
      "trace": 0.09430282111052923,
      "train_lr_times_lambda_max": 3.054714945646366e-05,
      "train_lr_times_lambda_min_pos": 7.694739879433483e-12
    },
    "mace_cueq": {
      "eigvals": [
        1.7924175231816424e-10,
        1.4958542564021048e-07,
        2.8336249748678753e-07,
        7.202782734305272e-07,
        1.0285635857657791e-06,
        1.0771258405074625e-06,
        1.4564763326653489e-06,
        2.669932848453791e-06,
        3.245202417001947e-06,
        3.99548407414775e-06,
        4.341290373525669e-06,
        8.091602368238717e-06,
        9.182895099552058e-06,
        1.2366617264601257e-05,
        1.6144923748580422e-05,
        2.8505052261075698e-05,
        3.031218429969819e-05,
        3.485459869823587e-05,
        4.4492758932332235e-05,
        5.0313631221436575e-05,
        8.597321751455771e-05,
        0.00011407282350275075,
        0.00021564740959358509,
        0.00022579479449791993,
        0.0003302705363967017,
        0.0006425452668279887
      ],
      "kappa_pos": 3584796.8373319325,
      "lambda_max": 0.0006425452668279887,
      "lambda_max_over_trace": 0.34406048290429464,
      "lambda_min_pos": 1.7924175231816424e-10,
      "lambda_min_pos_over_trace": 9.597767977288485e-08,
      "n_outputs": 26,
      "n_params": 155008,
      "rank": 26,
      "rank_tol": 1e-12,
      "stable_gd_lr_bound": 3112.621169669912,
      "trace": 0.0018675357931376326,
      "train_lr_times_lambda_max": 6.425452668279888e-07,
      "train_lr_times_lambda_min_pos": 1.7924175231816425e-13
    },
    "mace_e3nn": {
      "eigvals": [
        1.743152765439687e-10,
        1.0922018182226531e-07,
        2.937863842245049e-07,
        8.680089465434231e-07,
        1.0037154706576027e-06,
        1.1187179210800549e-06,
        1.6465909184496887e-06,
        2.934920563648221e-06,
        3.3885774773797846e-06,
        4.605868812805396e-06,
        5.568274064599695e-06,
        9.165746175725704e-06,
        1.0240992610672903e-05,
        1.3523098273795718e-05,
        1.624452474737515e-05,
        2.648805242995134e-05,
        2.8294641523888974e-05,
        4.776377251073051e-05,
        5.575072957849071e-05,
        6.56371538231409e-05,
        0.00010281177237957722,
        0.0001181430859587116,
        0.00023386458598428187,
        0.00027209399485777857,
        0.0003216011606350555,
        0.0006462379378057743
      ],
      "kappa_pos": 3707293.764598821,
      "lambda_max": 0.0006462379378057743,
      "lambda_max_over_trace": 0.3248407704578984,
      "lambda_min_pos": 1.743152765439687e-10,
      "lambda_min_pos_over_trace": 8.76220745061595e-08,
      "n_outputs": 26,
      "n_params": 155008,
      "rank": 26,
      "rank_tol": 1e-12,
      "stable_gd_lr_bound": 3094.8353276670314,
      "trace": 0.0019893991043514383,
      "train_lr_times_lambda_max": 6.462379378057743e-07,
      "train_lr_times_lambda_min_pos": 1.743152765439687e-13
    }
  },
  "scale": 0.012504113304353965,
  "seed": 20260616,
  "shift": -3.055900029552694e-13,
  "split": "val"
}
