mode,n_outputs,n_params,rank,rank_tol,lambda_min_pos,lambda_max,kappa_pos,trace,lambda_min_pos_over_trace,lambda_max_over_trace,stable_gd_lr_bound,train_lr_times_lambda_max,train_lr_times_lambda_min_pos
mace_e3nn,26,155008,26,1e-12,1.743152765439687e-10,0.0006462379378057743,3707293.764598821,0.0019893991043514383,8.76220745061595e-08,0.3248407704578984,3094.8353276670314,6.462379378057743e-07,1.743152765439687e-13
mace_cueq,26,155008,26,1e-12,1.7924175231816424e-10,0.0006425452668279887,3584796.8373319325,0.0018675357931376326,9.597767977288485e-08,0.34406048290429464,3112.621169669912,6.425452668279888e-07,1.7924175231816425e-13
ictd_bridge_u,26,155648,26,3.0547149456463667e-12,7.694739880719732e-09,0.030547149456463668,3969874.2166715614,0.09430282111052923,8.159607305597974e-08,0.32392614660658303,65.47255752457149,3.054714945646367e-05,7.694739880719733e-12
ictd_cueq,26,155648,26,3.0547149456463663e-12,7.694739879433483e-09,0.03054714945646366,3969874.2173351627,0.09430282111052923,8.159607304234018e-08,0.323926146606583,65.4725575245715,3.054714945646366e-05,7.694739879433483e-12
