{
  "atomic_numbers": [
    1,
    6
  ],
  "batch_index": 1,
  "batch_size": 2,
  "data_dir": "/tmp/mace_ictd_public_md17/revised_benzene",
  "dtype": "float64",
  "e0_values": [
    -525.5414002254565,
    -525.5414002254565
  ],
  "max_force_components": 24,
  "modes": {
    "ictd_bridge_u": {
      "eigvals": [
        1.2989927514738574e-11,
        1.1817298471659082e-08,
        3.5446333872167686e-08,
        1.1884799048430993e-07,
        1.6191545813274263e-07,
        2.8868480180193825e-07,
        3.7663613513462056e-07,
        4.708351573856624e-07,
        1.0491270334116196e-06,
        1.230461170387028e-06,
        1.5166548244262573e-06,
        2.7161344109280485e-06,
        3.4932207590709236e-06,
        4.484781059620811e-06,
        1.4770786633090347e-05,
        2.133751573309838e-05,
        3.0373199596693173e-05,
        4.324679907845603e-05,
        7.157697175523781e-05,
        0.00028724978876346893,
        0.00039324114185547475,
        0.0013932208069863876,
        0.0024588452316611606,
        0.0030434198721381095,
        0.01966781650842447,
        0.06497593711701187
      ],
      "kappa_pos": 5002024610.4752445,
      "lambda_max": 0.06497593711701187,
      "lambda_max_over_trace": 0.7030735029944292,
      "lambda_min_pos": 1.2989927514738574e-11,
      "lambda_min_pos_over_trace": 1.405577856458467e-10,
      "n_outputs": 26,
      "n_params": 146688,
      "rank": 26,
      "rank_tol": 6.4975937117011876e-12,
      "stable_gd_lr_bound": 30.7806257014547,
      "trace": 0.09241699031506057,
      "train_lr_times_lambda_max": 6.497593711701187e-05,
      "train_lr_times_lambda_min_pos": 1.2989927514738574e-14
    },
    "ictd_cueq": {
      "eigvals": [
        1.2989927458311686e-11,
        1.1817298472039565e-08,
        3.544633387186308e-08,
        1.1884799048448192e-07,
        1.6191545813291405e-07,
        2.886848018013346e-07,
        3.7663613513338934e-07,
        4.7083515738486515e-07,
        1.0491270334108025e-06,
        1.2304611703870397e-06,
        1.516654824423521e-06,
        2.7161344109272718e-06,
        3.4932207590706378e-06,
        4.484781059621001e-06,
        1.4770786633089919e-05,
        2.1337515733098096e-05,
        3.037319959669382e-05,
        4.324679907845606e-05,
        7.157697175523714e-05,
        0.00028724978876346784,
        0.00039324114185547654,
        0.0013932208069863867,
        0.00245884523166116,
        0.003043419872138112,
        0.019667816508424488,
        0.06497593711701188
      ],
      "kappa_pos": 5002024632.203518,
      "lambda_max": 0.06497593711701188,
      "lambda_max_over_trace": 0.7030735029944292,
      "lambda_min_pos": 1.2989927458311686e-11,
      "lambda_min_pos_over_trace": 1.4055778503527833e-10,
      "n_outputs": 26,
      "n_params": 146688,
      "rank": 26,
      "rank_tol": 6.497593711701188e-12,
      "stable_gd_lr_bound": 30.780625701454692,
      "trace": 0.0924169903150606,
      "train_lr_times_lambda_max": 6.497593711701189e-05,
      "train_lr_times_lambda_min_pos": 1.2989927458311685e-14
    },
    "mace_cueq": {
      "eigvals": [
        4.578412911356978e-13,
        4.64450915586512e-10,
        1.4913423922174117e-09,
        4.134723333823185e-09,
        5.3924733367113045e-09,
        1.1868837636712808e-08,
        1.7900834713432564e-08,
        1.8529398528450344e-08,
        3.484198248848722e-08,
        3.98870447542015e-08,
        4.928885009177693e-08,
        8.536858949704486e-08,
        1.1414473635579034e-07,
        1.3464813088512513e-07,
        5.429258006666332e-07,
        6.275920880753845e-07,
        8.365170877528979e-07,
        1.58170168871284e-06,
        2.645140464900345e-06,
        8.679433261431236e-06,
        1.0996411489784439e-05,
        3.1666544131969366e-05,
        4.584540414207856e-05,
        9.65038432071649e-05,
        0.00050957663662392,
        0.002185445793437173
      ],
      "kappa_pos": 4705439.735601288,
      "lambda_max": 0.002185445793437173,
      "lambda_max_over_trace": 0.7547820851403019,
      "lambda_min_pos": 4.64450915586512e-10,
      "lambda_min_pos_over_trace": 1.6040628029504484e-07,
      "n_outputs": 26,
      "n_params": 146048,
      "rank": 25,
      "rank_tol": 1e-12,
      "stable_gd_lr_bound": 915.1450957996483,
      "trace": 0.0028954659052764,
      "train_lr_times_lambda_max": 2.185445793437173e-06,
      "train_lr_times_lambda_min_pos": 4.64450915586512e-13
    },
    "mace_e3nn": {
      "eigvals": [
        3.441734836881502e-13,
        2.97432830677581e-10,
        9.248914302290499e-10,
        2.9092873956461084e-09,
        3.932381114286054e-09,
        7.527946010274282e-09,
        1.0168414350205203e-08,
        1.2189700623040842e-08,
        2.5691843464681728e-08,
        3.2000538813437074e-08,
        3.7301702904755976e-08,
        7.16322494585349e-08,
        9.031682561347576e-08,
        1.098691763146061e-07,
        3.8640645968451226e-07,
        4.984008066458532e-07,
        7.12757830301707e-07,
        9.935870888336512e-07,
        1.7267581960150002e-06,
        7.188826314074823e-06,
        9.250563156158138e-06,
        3.243319279212245e-05,
        4.5040793480364234e-05,
        5.670042794696127e-05,
        0.0004334571568168559,
        0.0015567322084281982
      ],
      "kappa_pos": 5233895.010452648,
      "lambda_max": 0.0015567322084281982,
      "lambda_max_over_trace": 0.725571409077161,
      "lambda_min_pos": 2.97432830677581e-10,
      "lambda_min_pos_over_trace": 1.386293396463088e-07,
      "n_outputs": 26,
      "n_params": 146048,
      "rank": 25,
      "rank_tol": 1e-12,
      "stable_gd_lr_bound": 1284.7424811871533,
      "trace": 0.002145525842050713,
      "train_lr_times_lambda_max": 1.5567322084281982e-06,
      "train_lr_times_lambda_min_pos": 2.97432830677581e-13
    }
  },
  "scale": 0.008778662203336804,
  "seed": 20260616,
  "shift": 8.564370219954487e-14,
  "split": "val"
}
