mode,n_outputs,n_params,rank,rank_tol,lambda_min_pos,lambda_max,kappa_pos,trace,lambda_min_pos_over_trace,lambda_max_over_trace,stable_gd_lr_bound,train_lr_times_lambda_max,train_lr_times_lambda_min_pos
mace_e3nn,26,146048,25,1e-12,2.97432830677581e-10,0.0015567322084281982,5233895.010452648,0.002145525842050713,1.386293396463088e-07,0.725571409077161,1284.7424811871533,1.5567322084281982e-06,2.97432830677581e-13
mace_cueq,26,146048,25,1e-12,4.64450915586512e-10,0.002185445793437173,4705439.735601288,0.0028954659052764,1.6040628029504484e-07,0.7547820851403019,915.1450957996483,2.185445793437173e-06,4.64450915586512e-13
ictd_bridge_u,26,146688,26,6.4975937117011876e-12,1.2989927514738574e-11,0.06497593711701187,5002024610.4752445,0.09241699031506057,1.405577856458467e-10,0.7030735029944292,30.7806257014547,6.497593711701187e-05,1.2989927514738574e-14
ictd_cueq,26,146688,26,6.497593711701188e-12,1.2989927458311686e-11,0.06497593711701188,5002024632.203518,0.0924169903150606,1.4055778503527833e-10,0.7030735029944292,30.780625701454692,6.497593711701189e-05,1.2989927458311685e-14
