mode,n_outputs,n_params,rank,rank_tol,lambda_min_pos,lambda_max,kappa_pos,trace,lambda_min_pos_over_trace,lambda_max_over_trace,stable_gd_lr_bound,train_lr_times_lambda_max,train_lr_times_lambda_min_pos
mace_e3nn,26,155008,26,1e-12,1.0286974088238077e-09,0.0038426438820494584,3735446.253765781,0.005915646543113254,1.7389433282172238e-07,0.6495729340900027,520.4749806097848,3.842643882049458e-06,1.0286974088238078e-12
ictd_bridge_u,26,155648,26,1.759688033035181e-11,4.6400518334734905e-08,0.1759688033035181,3792388.7408772726,0.27341865646762414,1.6970501916071427e-07,0.6435874039354545,11.365650970247943,0.0001759688033035181,4.6400518334734905e-11
ictd_cueq,26,155648,26,1.7596880330351824e-11,4.640051834285721e-08,0.17596880330351822,3792388.740213426,0.27341865646762425,1.6970501919042067e-07,0.6435874039354547,11.365650970247936,0.00017596880330351822,4.640051834285721e-11
