{
  "atomic_numbers": [
    1,
    6,
    8
  ],
  "batch_index": 2,
  "batch_size": 2,
  "data_dir": "/tmp/mace_ictd_public_md17/revised_ethanol",
  "dtype": "float64",
  "e0_values": [
    -616.0415034450858,
    -205.3471678150286,
    -102.6735839075143
  ],
  "max_force_components": 24,
  "modes": {
    "ictd_bridge_u": {
      "eigvals": [
        4.6400518334734905e-08,
        4.272182822294476e-06,
        7.68386229386759e-06,
        1.150769882128778e-05,
        1.7736655120753386e-05,
        2.401128034953215e-05,
        2.780991012050565e-05,
        6.061249515512331e-05,
        8.5255804364774e-05,
        0.0001372129780887121,
        0.0001690803806961011,
        0.00021739980712909661,
        0.00035591478112476083,
        0.0006129905646975335,
        0.0009055165177676417,
        0.0013530630158249068,
        0.0015708087397025056,
        0.0020499559154987315,
        0.004125034990137847,
        0.006263384392998155,
        0.007117514602452335,
        0.00903452916384504,
        0.013389249723143518,
        0.019341547083811913,
        0.03056771421762076,
        0.1759688033035181
      ],
      "kappa_pos": 3792388.7408772726,
      "lambda_max": 0.1759688033035181,
      "lambda_max_over_trace": 0.6435874039354545,
      "lambda_min_pos": 4.6400518334734905e-08,
      "lambda_min_pos_over_trace": 1.6970501916071427e-07,
      "n_outputs": 26,
      "n_params": 155648,
      "rank": 26,
      "rank_tol": 1.759688033035181e-11,
      "stable_gd_lr_bound": 11.365650970247943,
      "trace": 0.27341865646762414,
      "train_lr_times_lambda_max": 0.0001759688033035181,
      "train_lr_times_lambda_min_pos": 4.6400518334734905e-11
    },
    "ictd_cueq": {
      "eigvals": [
        4.640051834285721e-08,
        4.272182822294468e-06,
        7.68386229386847e-06,
        1.1507698821284648e-05,
        1.773665512076305e-05,
        2.4011280349530067e-05,
        2.7809910120506212e-05,
        6.0612495155125244e-05,
        8.525580436477208e-05,
        0.00013721297808871397,
        0.00016908038069610076,
        0.00021739980712909705,
        0.00035591478112475877,
        0.0006129905646975305,
        0.0009055165177676402,
        0.001353063015824905,
        0.0015708087397025082,
        0.0020499559154987307,
        0.004125034990137849,
        0.006263384392998152,
        0.007117514602452334,
        0.00903452916384505,
        0.013389249723143514,
        0.0193415470838119,
        0.03056771421762078,
        0.17596880330351822
      ],
      "kappa_pos": 3792388.740213426,
      "lambda_max": 0.17596880330351822,
      "lambda_max_over_trace": 0.6435874039354547,
      "lambda_min_pos": 4.640051834285721e-08,
      "lambda_min_pos_over_trace": 1.6970501919042067e-07,
      "n_outputs": 26,
      "n_params": 155648,
      "rank": 26,
      "rank_tol": 1.7596880330351824e-11,
      "stable_gd_lr_bound": 11.365650970247936,
      "trace": 0.27341865646762425,
      "train_lr_times_lambda_max": 0.00017596880330351822,
      "train_lr_times_lambda_min_pos": 4.640051834285721e-11
    },
    "mace_e3nn": {
      "eigvals": [
        1.0286974088238077e-09,
        9.813563052865161e-08,
        1.8477752198070835e-07,
        2.6946011488376826e-07,
        3.9971343042419254e-07,
        5.224862540644296e-07,
        6.373138406860531e-07,
        1.3949683463980523e-06,
        1.9180016574242306e-06,
        2.9483795689728296e-06,
        3.5542830205796147e-06,
        5.176923433878485e-06,
        7.69377874969501e-06,
        1.3706230862768464e-05,
        2.025854504208344e-05,
        3.0365934190944638e-05,
        3.5749186312109484e-05,
        4.554918665778305e-05,
        7.277595246451651e-05,
        9.578251725970833e-05,
        0.00015718243615746254,
        0.00020074688321122913,
        0.0002969713119812168,
        0.00043823183514468255,
        0.0006408833915123662,
        0.0038426438820494584
      ],
      "kappa_pos": 3735446.253765781,
      "lambda_max": 0.0038426438820494584,
      "lambda_max_over_trace": 0.6495729340900027,
      "lambda_min_pos": 1.0286974088238077e-09,
      "lambda_min_pos_over_trace": 1.7389433282172238e-07,
      "n_outputs": 26,
      "n_params": 155008,
      "rank": 26,
      "rank_tol": 1e-12,
      "stable_gd_lr_bound": 520.4749806097848,
      "trace": 0.005915646543113254,
      "train_lr_times_lambda_max": 3.842643882049458e-06,
      "train_lr_times_lambda_min_pos": 1.0286974088238078e-12
    }
  },
  "scale": 0.021162423939098163,
  "seed": 20260616,
  "shift": -1.4147401132535987e-14,
  "split": "val"
}
