mode,n_outputs,n_params,rank,rank_tol,lambda_min_pos,lambda_max,kappa_pos,trace,lambda_min_pos_over_trace,lambda_max_over_trace,stable_gd_lr_bound,train_lr_times_lambda_max,train_lr_times_lambda_min_pos
mace_e3nn,26,155008,26,1e-12,2.05789013788447e-10,0.003095266483554681,15040970.489982734,0.0054875743282542635,3.75009068631447e-08,0.5640500334761503,646.1479199371391,3.0952664835546807e-06,2.0578901378844698e-13
ictd_bridge_u,26,155648,26,1.4098295775539173e-11,9.27274587807298e-09,0.1409829577553917,15204013.95758838,0.2529122031641674,3.666389269502336e-08,0.5574383362746578,14.186111795654341,0.0001409829577553917,9.272745878072981e-12
ictd_cueq,26,155648,26,1.4098295775539177e-11,9.272745876079912e-09,0.14098295775539177,15204013.960856311,0.2529122031641675,3.666389268714287e-08,0.5574383362746578,14.186111795654336,0.00014098295775539176,9.272745876079912e-12
