{
  "atomic_numbers": [
    1,
    6,
    8
  ],
  "batch_index": 0,
  "batch_size": 2,
  "data_dir": "/tmp/mace_ictd_public_md17/revised_ethanol",
  "dtype": "float64",
  "e0_values": [
    -616.0415034450858,
    -205.3471678150286,
    -102.6735839075143
  ],
  "max_force_components": 24,
  "modes": {
    "ictd_bridge_u": {
      "eigvals": [
        9.27274587807298e-09,
        9.219478016183706e-06,
        1.565613684734142e-05,
        2.280805033858544e-05,
        3.057662328471391e-05,
        3.3513831273733675e-05,
        4.500199041166483e-05,
        7.060056001407699e-05,
        8.789364465854658e-05,
        0.00013398189740169395,
        0.0002607774228221529,
        0.00026560655211743764,
        0.0005720158096728229,
        0.0006012036403347089,
        0.0014287003531453107,
        0.002555773471824934,
        0.0029053548348793425,
        0.003312038876838318,
        0.004166902725392861,
        0.005475676889845801,
        0.006321172727819816,
        0.009011816766209227,
        0.016551531134063203,
        0.021636359502844368,
        0.03641505321597294,
        0.1409829577553917
      ],
      "kappa_pos": 15204013.95758838,
      "lambda_max": 0.1409829577553917,
      "lambda_max_over_trace": 0.5574383362746578,
      "lambda_min_pos": 9.27274587807298e-09,
      "lambda_min_pos_over_trace": 3.666389269502336e-08,
      "n_outputs": 26,
      "n_params": 155648,
      "rank": 26,
      "rank_tol": 1.4098295775539173e-11,
      "stable_gd_lr_bound": 14.186111795654341,
      "trace": 0.2529122031641674,
      "train_lr_times_lambda_max": 0.0001409829577553917,
      "train_lr_times_lambda_min_pos": 9.272745878072981e-12
    },
    "ictd_cueq": {
      "eigvals": [
        9.272745876079912e-09,
        9.219478016185157e-06,
        1.5656136847342473e-05,
        2.280805033858644e-05,
        3.057662328471428e-05,
        3.3513831273735396e-05,
        4.5001990411665425e-05,
        7.0600560014076e-05,
        8.789364465854613e-05,
        0.0001339818974016945,
        0.0002607774228221537,
        0.00026560655211743716,
        0.0005720158096728223,
        0.000601203640334706,
        0.001428700353145314,
        0.0025557734718249336,
        0.0029053548348793403,
        0.0033120388768383153,
        0.004166902725392861,
        0.005475676889845796,
        0.006321172727819821,
        0.009011816766209255,
        0.016551531134063196,
        0.02163635950284438,
        0.036415053215972965,
        0.14098295775539177
      ],
      "kappa_pos": 15204013.960856311,
      "lambda_max": 0.14098295775539177,
      "lambda_max_over_trace": 0.5574383362746578,
      "lambda_min_pos": 9.272745876079912e-09,
      "lambda_min_pos_over_trace": 3.666389268714287e-08,
      "n_outputs": 26,
      "n_params": 155648,
      "rank": 26,
      "rank_tol": 1.4098295775539177e-11,
      "stable_gd_lr_bound": 14.186111795654336,
      "trace": 0.2529122031641675,
      "train_lr_times_lambda_max": 0.00014098295775539176,
      "train_lr_times_lambda_min_pos": 9.272745876079912e-12
    },
    "mace_e3nn": {
      "eigvals": [
        2.05789013788447e-10,
        2.174059198087854e-07,
        3.771480996354283e-07,
        5.372361948808967e-07,
        6.825073708628157e-07,
        7.931173096709661e-07,
        1.0449252871931636e-06,
        1.5752208920790785e-06,
        1.9347157571757324e-06,
        3.070421726268157e-06,
        5.88623936794652e-06,
        6.076795440340105e-06,
        1.282710423897637e-05,
        1.4046017751042514e-05,
        3.369144329554654e-05,
        4.9955098473156196e-05,
        6.426164429560638e-05,
        7.042989016759133e-05,
        7.622730162793587e-05,
        9.33362928008645e-05,
        0.00012669261362686528,
        0.00019050196122517426,
        0.0003400127625042412,
        0.0004620901659600128,
        0.0008360396095776941,
        0.003095266483554681
      ],
      "kappa_pos": 15040970.489982734,
      "lambda_max": 0.003095266483554681,
      "lambda_max_over_trace": 0.5640500334761503,
      "lambda_min_pos": 2.05789013788447e-10,
      "lambda_min_pos_over_trace": 3.75009068631447e-08,
      "n_outputs": 26,
      "n_params": 155008,
      "rank": 26,
      "rank_tol": 1e-12,
      "stable_gd_lr_bound": 646.1479199371391,
      "trace": 0.0054875743282542635,
      "train_lr_times_lambda_max": 3.0952664835546807e-06,
      "train_lr_times_lambda_min_pos": 2.0578901378844698e-13
    }
  },
  "scale": 0.021162423939098163,
  "seed": 20260616,
  "shift": -1.4147401132535987e-14,
  "split": "val"
}
