{
  "atomic_numbers": [
    1,
    6,
    8
  ],
  "batch_index": 1,
  "batch_size": 2,
  "data_dir": "/tmp/mace_ictd_public_md17/revised_aspirin",
  "dtype": "float64",
  "e0_values": [
    -875.415358317322,
    -984.8422781069872,
    -437.707679158661
  ],
  "max_force_components": 24,
  "modes": {
    "ictd_bridge_u": {
      "eigvals": [
        4.422979415787554e-09,
        5.224727748413582e-06,
        8.22924166941063e-06,
        1.8522878772426118e-05,
        2.555176883291183e-05,
        3.071328809823091e-05,
        4.6308035085304824e-05,
        6.515521226588542e-05,
        8.255422778342298e-05,
        0.00011281287667945556,
        0.00013510283094507453,
        0.00020055527942524463,
        0.00026182559556331317,
        0.0003304262364475979,
        0.0004885608290957423,
        0.0008071627433579561,
        0.001240780445998563,
        0.0013847512414888806,
        0.0016619949871501212,
        0.0018304164693373644,
        0.002483378044816129,
        0.0037095518011069305,
        0.006452078969265989,
        0.01065436463146072,
        0.012628089469505173,
        0.024300676922586188
      ],
      "kappa_pos": 5494187.206896422,
      "lambda_max": 0.024300676922586188,
      "lambda_max_over_trace": 0.35236351481622935,
      "lambda_min_pos": 4.422979415787554e-09,
      "lambda_min_pos_over_trace": 6.413387486577361e-08,
      "n_outputs": 26,
      "n_params": 155648,
      "rank": 26,
      "rank_tol": 2.430067692258619e-12,
      "stable_gd_lr_bound": 82.30223406415095,
      "trace": 0.06896479317746587,
      "train_lr_times_lambda_max": 2.430067692258619e-05,
      "train_lr_times_lambda_min_pos": 4.422979415787554e-12
    },
    "ictd_cueq": {
      "eigvals": [
        4.4229794161977426e-09,
        5.224727748413462e-06,
        8.229241669410956e-06,
        1.852287877242628e-05,
        2.5551768832910737e-05,
        3.071328809823013e-05,
        4.6308035085305535e-05,
        6.515521226588485e-05,
        8.255422778342524e-05,
        0.00011281287667945718,
        0.00013510283094507412,
        0.0002005552794252449,
        0.00026182559556331436,
        0.00033042623644759835,
        0.0004885608290957419,
        0.0008071627433579569,
        0.0012407804459985633,
        0.0013847512414888808,
        0.0016619949871501212,
        0.0018304164693373653,
        0.0024833780448161318,
        0.0037095518011069323,
        0.00645207896926599,
        0.01065436463146072,
        0.01262808946950518,
        0.02430067692258623
      ],
      "kappa_pos": 5494187.206386899,
      "lambda_max": 0.02430067692258623,
      "lambda_max_over_trace": 0.3523635148162297,
      "lambda_min_pos": 4.4229794161977426e-09,
      "lambda_min_pos_over_trace": 6.413387487172135e-08,
      "n_outputs": 26,
      "n_params": 155648,
      "rank": 26,
      "rank_tol": 2.430067692258623e-12,
      "stable_gd_lr_bound": 82.30223406415081,
      "trace": 0.06896479317746593,
      "train_lr_times_lambda_max": 2.430067692258623e-05,
      "train_lr_times_lambda_min_pos": 4.422979416197743e-12
    },
    "mace_e3nn": {
      "eigvals": [
        9.948117254088165e-11,
        1.1289923527807193e-07,
        1.9032006047950837e-07,
        4.154170616079739e-07,
        5.736296405350087e-07,
        6.893368539168348e-07,
        1.0472897678119818e-06,
        1.4045864526502937e-06,
        1.8267391338052376e-06,
        2.516334630435868e-06,
        2.9906246507678905e-06,
        4.318569764881118e-06,
        5.871175514771251e-06,
        7.250248587179904e-06,
        1.0386188457845929e-05,
        1.8165990199983392e-05,
        1.8495953018070847e-05,
        3.070294611699519e-05,
        3.1604174815242696e-05,
        3.6551430463263047e-05,
        5.3872108507078175e-05,
        8.510706662352053e-05,
        0.00014106690319356494,
        0.00025775984352429396,
        0.00027898390030125586,
        0.000511770251146747
      ],
      "kappa_pos": 5144393.035138742,
      "lambda_max": 0.000511770251146747,
      "lambda_max_over_trace": 0.340346539135642,
      "lambda_min_pos": 9.948117254088165e-11,
      "lambda_min_pos_over_trace": 6.615873569746854e-08,
      "n_outputs": 26,
      "n_params": 155008,
      "rank": 26,
      "rank_tol": 1e-12,
      "stable_gd_lr_bound": 3908.0036315485486,
      "trace": 0.001503674027203155,
      "train_lr_times_lambda_max": 5.11770251146747e-07,
      "train_lr_times_lambda_min_pos": 9.948117254088165e-14
    }
  },
  "scale": 0.012504113304353965,
  "seed": 20260616,
  "shift": -3.055900029552694e-13,
  "split": "val"
}
