mode,n_outputs,n_params,rank,rank_tol,lambda_min_pos,lambda_max,kappa_pos,trace,lambda_min_pos_over_trace,lambda_max_over_trace,stable_gd_lr_bound,train_lr_times_lambda_max,train_lr_times_lambda_min_pos
mace_e3nn,26,155008,26,1e-12,9.948117254088165e-11,0.000511770251146747,5144393.035138742,0.001503674027203155,6.615873569746854e-08,0.340346539135642,3908.0036315485486,5.11770251146747e-07,9.948117254088165e-14
ictd_bridge_u,26,155648,26,2.430067692258619e-12,4.422979415787554e-09,0.024300676922586188,5494187.206896422,0.06896479317746587,6.413387486577361e-08,0.35236351481622935,82.30223406415095,2.430067692258619e-05,4.422979415787554e-12
ictd_cueq,26,155648,26,2.430067692258623e-12,4.4229794161977426e-09,0.02430067692258623,5494187.206386899,0.06896479317746593,6.413387487172135e-08,0.3523635148162297,82.30223406415081,2.430067692258623e-05,4.422979416197743e-12
