mode,n_outputs,n_params,rank,rank_tol,lambda_min_pos,lambda_max,kappa_pos,trace,lambda_min_pos_over_trace,lambda_max_over_trace,stable_gd_lr_bound,train_lr_times_lambda_max,train_lr_times_lambda_min_pos
mace_e3nn,26,155008,26,1e-12,2.744824817863186e-10,0.0035317465182425622,12866928.684330337,0.006922072703417196,3.9653221447792046e-08,0.5102151724726984,566.292056824968,3.5317465182425623e-06,2.744824817863186e-13
mace_cueq,26,155008,26,1e-12,2.8038879115389264e-10,0.003973133487324518,14170086.724842884,0.007068949805212742,3.9664843983915415e-08,0.5620542791794438,503.3810231598302,3.973133487324518e-06,2.8038879115389263e-13
ictd_bridge_u,26,155648,26,1.632044576476218e-11,1.1982205177501879e-08,0.16320445764762181,13620569.438592074,0.32242495324187087,3.716277247472619e-08,0.5061781230226063,12.254567239322851,0.00016320445764762183,1.1982205177501878e-11
ictd_cueq,26,155648,26,1.6320445764762164e-11,1.1982205177526843e-08,0.16320445764762165,13620569.438563682,0.3224249532418707,3.716277247480364e-08,0.5061781230226061,12.254567239322864,0.00016320445764762164,1.1982205177526844e-11
