{
  "atomic_numbers": [
    1,
    6,
    8
  ],
  "batch_index": 0,
  "batch_size": 2,
  "data_dir": "/tmp/mace_ictd_public_md17/revised_ethanol",
  "dtype": "float64",
  "e0_values": [
    -616.0415034450858,
    -205.3471678150286,
    -102.6735839075143
  ],
  "max_force_components": 24,
  "modes": {
    "ictd_bridge_u": {
      "eigvals": [
        1.1982205177501879e-08,
        1.4000168604138207e-05,
        2.163921864790699e-05,
        2.4902374210363932e-05,
        4.3533235150737686e-05,
        6.180395744830791e-05,
        6.419840249850356e-05,
        0.0001261262817552198,
        0.00015145207720778636,
        0.00022147652340287962,
        0.00037648987559339486,
        0.0005047332800257862,
        0.0008132778547568376,
        0.0013891222068299204,
        0.0025460143641389886,
        0.003804679815485619,
        0.004398083481611702,
        0.005790770424566116,
        0.005839341009179379,
        0.008873506721599188,
        0.009885828809016594,
        0.01552860916171575,
        0.027366039024168853,
        0.02997622751490304,
        0.04139862782952687,
        0.16320445764762181
      ],
      "kappa_pos": 13620569.438592074,
      "lambda_max": 0.16320445764762181,
      "lambda_max_over_trace": 0.5061781230226063,
      "lambda_min_pos": 1.1982205177501879e-08,
      "lambda_min_pos_over_trace": 3.716277247472619e-08,
      "n_outputs": 26,
      "n_params": 155648,
      "rank": 26,
      "rank_tol": 1.632044576476218e-11,
      "stable_gd_lr_bound": 12.254567239322851,
      "trace": 0.32242495324187087,
      "train_lr_times_lambda_max": 0.00016320445764762183,
      "train_lr_times_lambda_min_pos": 1.1982205177501878e-11
    },
    "ictd_cueq": {
      "eigvals": [
        1.1982205177526843e-08,
        1.4000168604139696e-05,
        2.1639218647905798e-05,
        2.4902374210364962e-05,
        4.353323515074129e-05,
        6.180395744830997e-05,
        6.419840249850336e-05,
        0.0001261262817552222,
        0.00015145207720778837,
        0.00022147652340288168,
        0.0003764898755933951,
        0.0005047332800257897,
        0.000813277854756835,
        0.0013891222068299213,
        0.0025460143641389886,
        0.0038046798154856205,
        0.004398083481611697,
        0.005790770424566118,
        0.005839341009179379,
        0.008873506721599192,
        0.0098858288090166,
        0.01552860916171574,
        0.02736603902416884,
        0.02997622751490303,
        0.04139862782952686,
        0.16320445764762165
      ],
      "kappa_pos": 13620569.438563682,
      "lambda_max": 0.16320445764762165,
      "lambda_max_over_trace": 0.5061781230226061,
      "lambda_min_pos": 1.1982205177526843e-08,
      "lambda_min_pos_over_trace": 3.716277247480364e-08,
      "n_outputs": 26,
      "n_params": 155648,
      "rank": 26,
      "rank_tol": 1.6320445764762164e-11,
      "stable_gd_lr_bound": 12.254567239322864,
      "trace": 0.3224249532418707,
      "train_lr_times_lambda_max": 0.00016320445764762164,
      "train_lr_times_lambda_min_pos": 1.1982205177526844e-11
    },
    "mace_cueq": {
      "eigvals": [
        2.8038879115389264e-10,
        4.0446507277746045e-07,
        5.520447707725473e-07,
        7.395275994201657e-07,
        9.56771722099536e-07,
        1.1354669619102566e-06,
        1.7919656215289954e-06,
        2.2280255250600862e-06,
        3.322847331281277e-06,
        4.804116562247598e-06,
        6.800718178320418e-06,
        1.1556698639627223e-05,
        1.9766233212971114e-05,
        2.5411734116760604e-05,
        4.264660704620092e-05,
        5.341250316087939e-05,
        7.639370020348399e-05,
        9.34883043686262e-05,
        9.594822597485096e-05,
        0.00010923981116503677,
        0.00018260306526622514,
        0.0003130066333442928,
        0.00049816612640808,
        0.0006593070671179613,
        0.0008921333781290172,
        0.003973133487324518
      ],
      "kappa_pos": 14170086.724842884,
      "lambda_max": 0.003973133487324518,
      "lambda_max_over_trace": 0.5620542791794438,
      "lambda_min_pos": 2.8038879115389264e-10,
      "lambda_min_pos_over_trace": 3.9664843983915415e-08,
      "n_outputs": 26,
      "n_params": 155008,
      "rank": 26,
      "rank_tol": 1e-12,
      "stable_gd_lr_bound": 503.3810231598302,
      "trace": 0.007068949805212742,
      "train_lr_times_lambda_max": 3.973133487324518e-06,
      "train_lr_times_lambda_min_pos": 2.8038879115389263e-13
    },
    "mace_e3nn": {
      "eigvals": [
        2.744824817863186e-10,
        3.2660696982431743e-07,
        5.056155622742647e-07,
        5.507679462120673e-07,
        9.917733027757343e-07,
        1.3817236575800143e-06,
        1.534757945993798e-06,
        2.788136720266117e-06,
        3.3809729535919455e-06,
        4.916942103082318e-06,
        8.368068269349646e-06,
        1.1275370848489836e-05,
        1.7913622207425407e-05,
        3.227277776773527e-05,
        5.516636488389973e-05,
        8.399209960078463e-05,
        9.536689972555004e-05,
        9.947524187476278e-05,
        0.00012431712525065987,
        0.00012923814606166176,
        0.00020298999397713887,
        0.0003458346865741616,
        0.0006005016002669377,
        0.0006793163504548953,
        0.0008879202657670987,
        0.0035317465182425622
      ],
      "kappa_pos": 12866928.684330337,
      "lambda_max": 0.0035317465182425622,
      "lambda_max_over_trace": 0.5102151724726984,
      "lambda_min_pos": 2.744824817863186e-10,
      "lambda_min_pos_over_trace": 3.9653221447792046e-08,
      "n_outputs": 26,
      "n_params": 155008,
      "rank": 26,
      "rank_tol": 1e-12,
      "stable_gd_lr_bound": 566.292056824968,
      "trace": 0.006922072703417196,
      "train_lr_times_lambda_max": 3.5317465182425623e-06,
      "train_lr_times_lambda_min_pos": 2.744824817863186e-13
    }
  },
  "scale": 0.021162423939098163,
  "seed": 20260616,
  "shift": -1.4147401132535987e-14,
  "split": "val"
}
