{
  "atomic_numbers": [
    1,
    6
  ],
  "batch_size": 2,
  "data_dir": "/tmp/mace_ictd_public_md17/revised_benzene",
  "dtype": "float64",
  "e0_values": [
    -525.5414002254565,
    -525.5414002254565
  ],
  "max_force_components": 24,
  "modes": {
    "ictd_bridge_u": {
      "eigvals": [
        2.8876575682160846e-12,
        2.4310772246144448e-08,
        4.8815622204173855e-08,
        7.290167244286566e-08,
        1.0669546202284472e-07,
        1.6228703953611093e-07,
        2.306726773384585e-07,
        3.8274014021363815e-07,
        4.253329250627232e-07,
        6.96197506581009e-07,
        1.0565612219108095e-06,
        1.971852058833786e-06,
        2.3869094015307844e-06,
        4.094068695553825e-06,
        8.947119963888139e-06,
        2.1980141150697223e-05,
        4.424898064134537e-05,
        6.256206307962749e-05,
        0.00014632232512094284,
        0.0003019912952445578,
        0.00040436741645746485,
        0.0004538639880958342,
        0.0007376894562290096,
        0.0030472825441427943,
        0.014100913494162374,
        0.05723430509448239
      ],
      "kappa_pos": 2354277.5406305506,
      "lambda_max": 0.05723430509448239,
      "lambda_min_pos": 2.4310772246144448e-08,
      "n_outputs": 26,
      "n_params": 146688,
      "rank": 25,
      "rank_tol": 5.72343050944824e-12,
      "trace": 0.07657613326685406
    },
    "ictd_cueq": {
      "eigvals": [
        2.8876586516175427e-12,
        2.4310772246402465e-08,
        4.881562220394786e-08,
        7.290167244328012e-08,
        1.0669546202249537e-07,
        1.6228703953537738e-07,
        2.3067267733916378e-07,
        3.827401402158994e-07,
        4.253329250610488e-07,
        6.961975065801842e-07,
        1.056561221910631e-06,
        1.971852058833643e-06,
        2.386909401530572e-06,
        4.094068695554045e-06,
        8.947119963888425e-06,
        2.1980141150697406e-05,
        4.424898064134581e-05,
        6.256206307962838e-05,
        0.0001463223251209414,
        0.00030199129524455736,
        0.00040436741645746426,
        0.0004538639880958337,
        0.0007376894562290091,
        0.003047282544142789,
        0.014100913494162377,
        0.05723430509448241
      ],
      "kappa_pos": 2354277.5406055646,
      "lambda_max": 0.05723430509448241,
      "lambda_min_pos": 2.4310772246402465e-08,
      "n_outputs": 26,
      "n_params": 146688,
      "rank": 25,
      "rank_tol": 5.7234305094482406e-12,
      "trace": 0.07657613326685407
    },
    "mace_e3nn": {
      "eigvals": [
        9.427012558726646e-14,
        6.339737731805745e-10,
        1.4387488618109898e-09,
        2.0990086885590914e-09,
        2.810730425277125e-09,
        5.082835786453233e-09,
        5.867490147630127e-09,
        1.1150300173165125e-08,
        1.1851706382572112e-08,
        1.7740423475791044e-08,
        2.9754311364635322e-08,
        5.182285470111726e-08,
        6.259773896984315e-08,
        1.0946030252293899e-07,
        2.179648186250769e-07,
        5.390661217322571e-07,
        1.1176452951452115e-06,
        1.5881073711720208e-06,
        3.888774667434245e-06,
        7.20125018362976e-06,
        1.0305448924670582e-05,
        1.0855983775059949e-05,
        1.804650745245093e-05,
        4.820704299011449e-05,
        0.0003449427474685796,
        0.0013661092193139638
      ],
      "kappa_pos": 2154835.542265966,
      "lambda_max": 0.0013661092193139638,
      "lambda_min_pos": 6.339737731805745e-10,
      "n_outputs": 26,
      "n_params": 146048,
      "rank": 25,
      "rank_tol": 1e-12,
      "trace": 0.001813332068902121
    }
  },
  "scale": 0.008778662203336804,
  "seed": 20260616,
  "shift": 8.564370219954487e-14,
  "split": "val"
}
