mode,n_outputs,n_params,rank,rank_tol,lambda_min_pos,lambda_max,kappa_pos,trace
mace_e3nn,26,146048,25,1e-12,6.339737731805745e-10,0.0013661092193139638,2154835.542265966,0.001813332068902121
ictd_bridge_u,26,146688,25,5.72343050944824e-12,2.4310772246144448e-08,0.05723430509448239,2354277.5406305506,0.07657613326685406
ictd_cueq,26,146688,25,5.7234305094482406e-12,2.4310772246402465e-08,0.05723430509448241,2354277.5406055646,0.07657613326685407
