case,case_label,atoms,recorded_frames,steps,dt_fs,native_temp_mean_K,ictd_temp_mean_K,native_energy_drift_final_meV_atom,ictd_energy_drift_final_meV_atom,same_frame_energy_abs_max_meV_atom,same_frame_force_rms_max_eV_A,independent_position_rms_max_A,independent_velocity_rms_max_A_fs_units,native_ms_per_step,ictd_ms_per_step
ethanol,Ethanol,9,10001,10000,0.25,53.659317683510544,53.659317683554406,7.9498702905564445,7.9498702905564445,4.0421986745463473e-10,3.661558898952832e-15,6.7887545887770396e-12,7.953269021075322e-13,18.025571458041668,14.222425941377878
acetic_acid,Acetic acid,8,10001,10000,0.25,59.90399661786105,59.90399661779548,5.708433675408742,5.708433675408742,3.410605131648481e-10,5.350831539626741e-15,1.629000135647854e-12,4.79834049270065e-13,18.172564735263585,14.049154441058636
acetamide,Acetamide,9,10001,10000,0.25,59.670411180239135,59.67041118018847,3.7488540263236954,3.748854027738465,3.0316490059097606e-10,5.514969980676664e-15,4.782435452249188e-11,3.517344503394378e-11,18.119953205436467,14.17330190166831
benzene,Benzene,12,10001,10000,0.25,54.22352717851875,54.22352717849195,6.237243302090671,6.237243302090671,3.0316490059097606e-10,3.975961230475268e-15,2.536177117492795e-12,3.547874065892809e-13,18.015327853709458,14.135582169890403
benzene_64_grid,Benzene 64-cell,768,501,10000,0.25,508.0622220450297,508.0622220450373,-53.01780239650119,-53.01780239650119,6.214880462115009e-09,3.758860687184774e-15,2.757435682666574e-11,2.897137419967752e-12,109.74988241940737,92.57456907033921
