mode,n_outputs,n_params,rank,rank_tol,lambda_min_pos,lambda_max,kappa_pos,trace,lambda_min_pos_over_trace,lambda_max_over_trace,stable_gd_lr_bound,train_lr_times_lambda_max,train_lr_times_lambda_min_pos
mace_e3nn,26,155008,26,1e-12,2.76064830132644e-10,0.0009856040709037123,3570190.6339541622,0.00252885648538681,1.0916587466623971e-07,0.389742983280823,2029.2123978000373,9.856040709037122e-07,2.76064830132644e-13
mace_cueq,26,155008,26,1e-12,2.8783048212271476e-10,0.000987480462072966,3430770.969045453,0.0023812538594972614,1.208734973697775e-07,0.4146892857032246,2025.3565278663891,9.87480462072966e-07,2.8783048212271475e-13
ictd_bridge_u,26,155648,26,4.714091905203312e-12,1.2017700049303645e-08,0.04714091905203312,3922624.034435329,0.12014854411965396,1.0002368432642359e-07,0.39235530815160147,42.4259865997191,4.714091905203312e-05,1.2017700049303644e-11
ictd_cueq,26,155648,26,4.714091905203306e-12,1.2017700048490473e-08,0.04714091905203306,3922624.034700747,0.12014854411965392,1.0002368431965557e-07,0.39235530815160113,42.42598659971915,4.7140919052033064e-05,1.2017700048490474e-11
