{
  "atomic_numbers": [
    1,
    6,
    8
  ],
  "batch_index": 2,
  "batch_size": 2,
  "data_dir": "/tmp/mace_ictd_public_md17/revised_aspirin",
  "dtype": "float64",
  "e0_values": [
    -875.415358317322,
    -984.8422781069872,
    -437.707679158661
  ],
  "max_force_components": 24,
  "modes": {
    "ictd_bridge_u": {
      "eigvals": [
        1.2017700049303645e-08,
        1.1893645987883117e-05,
        1.5312613165530697e-05,
        2.5588653530105767e-05,
        4.6439105467825886e-05,
        6.479136045607398e-05,
        8.373998883966283e-05,
        0.00013441735343590826,
        0.0001755946679961594,
        0.0002157045684593715,
        0.00037158185850776613,
        0.0005130455043187146,
        0.0005613419076984622,
        0.0008069032008314515,
        0.0009551056815539975,
        0.001300755859757889,
        0.0016523548630461321,
        0.0023374106461861127,
        0.0024924318973633458,
        0.0038812755932471376,
        0.0048304615181296315,
        0.007044194934032345,
        0.008932926358597095,
        0.016801692822416666,
        0.01975264844689552,
        0.04714091905203312
      ],
      "kappa_pos": 3922624.034435329,
      "lambda_max": 0.04714091905203312,
      "lambda_max_over_trace": 0.39235530815160147,
      "lambda_min_pos": 1.2017700049303645e-08,
      "lambda_min_pos_over_trace": 1.0002368432642359e-07,
      "n_outputs": 26,
      "n_params": 155648,
      "rank": 26,
      "rank_tol": 4.714091905203312e-12,
      "stable_gd_lr_bound": 42.4259865997191,
      "trace": 0.12014854411965396,
      "train_lr_times_lambda_max": 4.714091905203312e-05,
      "train_lr_times_lambda_min_pos": 1.2017700049303644e-11
    },
    "ictd_cueq": {
      "eigvals": [
        1.2017700048490473e-08,
        1.1893645987882272e-05,
        1.5312613165531256e-05,
        2.558865353010598e-05,
        4.6439105467827966e-05,
        6.479136045607544e-05,
        8.373998883966227e-05,
        0.00013441735343590786,
        0.00017559466799615917,
        0.00021570456845937166,
        0.0003715818585077658,
        0.0005130455043187141,
        0.0005613419076984619,
        0.0008069032008314526,
        0.0009551056815539993,
        0.0013007558597578873,
        0.0016523548630461304,
        0.0023374106461861105,
        0.002492431897363347,
        0.003881275593247142,
        0.004830461518129634,
        0.007044194934032346,
        0.008932926358597097,
        0.01680169282241668,
        0.019752648446895515,
        0.04714091905203306
      ],
      "kappa_pos": 3922624.034700747,
      "lambda_max": 0.04714091905203306,
      "lambda_max_over_trace": 0.39235530815160113,
      "lambda_min_pos": 1.2017700048490473e-08,
      "lambda_min_pos_over_trace": 1.0002368431965557e-07,
      "n_outputs": 26,
      "n_params": 155648,
      "rank": 26,
      "rank_tol": 4.714091905203306e-12,
      "stable_gd_lr_bound": 42.42598659971915,
      "trace": 0.12014854411965392,
      "train_lr_times_lambda_max": 4.7140919052033064e-05,
      "train_lr_times_lambda_min_pos": 1.2017700048490474e-11
    },
    "mace_cueq": {
      "eigvals": [
        2.8783048212271476e-10,
        2.9297875588042336e-07,
        3.3454883772284993e-07,
        7.175012238709451e-07,
        8.921130027030196e-07,
        1.2421397802873875e-06,
        1.503691366547067e-06,
        2.882406131777403e-06,
        3.0180329691207363e-06,
        4.379711752083614e-06,
        5.637797760701145e-06,
        1.1182937462538023e-05,
        1.2906739824085052e-05,
        1.8444527651921005e-05,
        2.0850418123733393e-05,
        2.5371857250051986e-05,
        2.8946684413721057e-05,
        3.258176831801039e-05,
        4.3965774937418865e-05,
        5.446880308748134e-05,
        7.896001302542602e-05,
        0.00015353179301765221,
        0.00017578803141747565,
        0.000315434550765942,
        0.0004004382887176615,
        0.000987480462072966
      ],
      "kappa_pos": 3430770.969045453,
      "lambda_max": 0.000987480462072966,
      "lambda_max_over_trace": 0.4146892857032246,
      "lambda_min_pos": 2.8783048212271476e-10,
      "lambda_min_pos_over_trace": 1.208734973697775e-07,
      "n_outputs": 26,
      "n_params": 155008,
      "rank": 26,
      "rank_tol": 1e-12,
      "stable_gd_lr_bound": 2025.3565278663891,
      "trace": 0.0023812538594972614,
      "train_lr_times_lambda_max": 9.87480462072966e-07,
      "train_lr_times_lambda_min_pos": 2.8783048212271475e-13
    },
    "mace_e3nn": {
      "eigvals": [
        2.76064830132644e-10,
        2.717927287660602e-07,
        3.483280419876527e-07,
        6.335961290493179e-07,
        1.0151361875666505e-06,
        1.530505931715888e-06,
        1.860753560427036e-06,
        3.0370952356299014e-06,
        3.979717362900882e-06,
        4.845473475037155e-06,
        8.5330232510313e-06,
        1.1218018173244476e-05,
        1.2269809434880066e-05,
        1.7191484423609138e-05,
        2.1202740127665086e-05,
        2.7215050407721663e-05,
        2.845364230824328e-05,
        3.5596467178050236e-05,
        5.725813064730979e-05,
        8.531401017476974e-05,
        0.00011009328080346677,
        0.00015509247866860861,
        0.00019275888553805205,
        0.0003538103456106536,
        0.0004097223730178809,
        0.0009856040709037123
      ],
      "kappa_pos": 3570190.6339541622,
      "lambda_max": 0.0009856040709037123,
      "lambda_max_over_trace": 0.389742983280823,
      "lambda_min_pos": 2.76064830132644e-10,
      "lambda_min_pos_over_trace": 1.0916587466623971e-07,
      "n_outputs": 26,
      "n_params": 155008,
      "rank": 26,
      "rank_tol": 1e-12,
      "stable_gd_lr_bound": 2029.2123978000373,
      "trace": 0.00252885648538681,
      "train_lr_times_lambda_max": 9.856040709037122e-07,
      "train_lr_times_lambda_min_pos": 2.76064830132644e-13
    }
  },
  "scale": 0.012504113304353965,
  "seed": 20260616,
  "shift": -3.055900029552694e-13,
  "split": "val"
}
