mode,n_outputs,n_params,rank,rank_tol,lambda_min_pos,lambda_max,kappa_pos,trace,lambda_min_pos_over_trace,lambda_max_over_trace,stable_gd_lr_bound,train_lr_times_lambda_max,train_lr_times_lambda_min_pos
mace_e3nn,26,155008,26,1e-12,1.955630082570349e-09,0.0049113484216609035,2511389.278286084,0.00826342453836471,2.3666097191193786e-07,0.5943478274484049,407.22014165788846,4.9113484216609035e-06,1.955630082570349e-12
mace_cueq,26,155008,26,1e-12,1.8095771330169065e-09,0.005170708421806272,2857412.5564825884,0.008081239720436516,2.2392320926215022e-07,0.6398409898335463,386.79419469205817,5.1707084218062714e-06,1.8095771330169065e-12
ictd_bridge_u,26,155648,26,2.3111089967985174e-11,8.308027397762172e-08,0.23111089967985174,2781778.2563175363,0.3874115751751682,2.1444964296706148e-07,0.5965513538808305,8.653854070796818,0.00023111089967985175,8.308027397762173e-11
ictd_cueq,26,155648,26,2.311108996798517e-11,8.308027397627917e-08,0.2311108996798517,2781778.2563624885,0.3874115751751681,2.144496429635961e-07,0.5965513538808306,8.65385407079682,0.00023111089967985172,8.308027397627918e-11
