{
  "atomic_numbers": [
    1,
    6,
    8
  ],
  "batch_index": 2,
  "batch_size": 2,
  "data_dir": "/tmp/mace_ictd_public_md17/revised_ethanol",
  "dtype": "float64",
  "e0_values": [
    -616.0415034450858,
    -205.3471678150286,
    -102.6735839075143
  ],
  "max_force_components": 24,
  "modes": {
    "ictd_bridge_u": {
      "eigvals": [
        8.308027397762172e-08,
        7.036561036505415e-06,
        9.497598883787972e-06,
        1.8606380109273725e-05,
        2.5156868039806153e-05,
        3.5646644168386476e-05,
        4.882662467147908e-05,
        0.00010629157856421528,
        0.00014692993212746816,
        0.00018797561808960492,
        0.00024858533671721374,
        0.00029930846619540864,
        0.0005659816049298403,
        0.0011670739007133212,
        0.0017511317645145694,
        0.0018813979509545585,
        0.00292709078626526,
        0.003964037649880197,
        0.008327483646166443,
        0.008661543702964593,
        0.010056153010810118,
        0.012149785981757586,
        0.021053745228850923,
        0.02891418181821282,
        0.05374712376041914,
        0.23111089967985174
      ],
      "kappa_pos": 2781778.2563175363,
      "lambda_max": 0.23111089967985174,
      "lambda_max_over_trace": 0.5965513538808305,
      "lambda_min_pos": 8.308027397762172e-08,
      "lambda_min_pos_over_trace": 2.1444964296706148e-07,
      "n_outputs": 26,
      "n_params": 155648,
      "rank": 26,
      "rank_tol": 2.3111089967985174e-11,
      "stable_gd_lr_bound": 8.653854070796818,
      "trace": 0.3874115751751682,
      "train_lr_times_lambda_max": 0.00023111089967985175,
      "train_lr_times_lambda_min_pos": 8.308027397762173e-11
    },
    "ictd_cueq": {
      "eigvals": [
        8.308027397627917e-08,
        7.036561036504547e-06,
        9.497598883782342e-06,
        1.860638010927032e-05,
        2.5156868039797113e-05,
        3.5646644168382065e-05,
        4.882662467147953e-05,
        0.00010629157856421366,
        0.00014692993212746632,
        0.0001879756180896049,
        0.0002485853367172117,
        0.0002993084661954106,
        0.0005659816049298272,
        0.0011670739007133126,
        0.001751131764514572,
        0.0018813979509545542,
        0.0029270907862652628,
        0.003964037649880193,
        0.00832748364616643,
        0.008661543702964593,
        0.010056153010810118,
        0.012149785981757569,
        0.02105374522885091,
        0.028914181818212814,
        0.05374712376041915,
        0.2311108996798517
      ],
      "kappa_pos": 2781778.2563624885,
      "lambda_max": 0.2311108996798517,
      "lambda_max_over_trace": 0.5965513538808306,
      "lambda_min_pos": 8.308027397627917e-08,
      "lambda_min_pos_over_trace": 2.144496429635961e-07,
      "n_outputs": 26,
      "n_params": 155648,
      "rank": 26,
      "rank_tol": 2.311108996798517e-11,
      "stable_gd_lr_bound": 8.65385407079682,
      "trace": 0.3874115751751681,
      "train_lr_times_lambda_max": 0.00023111089967985172,
      "train_lr_times_lambda_min_pos": 8.308027397627918e-11
    },
    "mace_cueq": {
      "eigvals": [
        1.8095771330169065e-09,
        2.2544203029682612e-07,
        2.5835068312616113e-07,
        4.0990196361451013e-07,
        5.766574697714251e-07,
        8.20872425559466e-07,
        1.4448715271135675e-06,
        2.346650666066012e-06,
        2.718468848358939e-06,
        4.041672629055156e-06,
        5.455305567566367e-06,
        6.795386743842772e-06,
        1.1681056138898725e-05,
        2.3545855146099405e-05,
        2.4905527599250346e-05,
        4.70901071346125e-05,
        6.307893842640163e-05,
        8.061908362977472e-05,
        0.00010668815602972158,
        0.00013195575147326315,
        0.00019342058440226462,
        0.000267926683088812,
        0.00038531733737274154,
        0.0005330126332015437,
        0.0010161941948553573,
        0.005170708421806272
      ],
      "kappa_pos": 2857412.5564825884,
      "lambda_max": 0.005170708421806272,
      "lambda_max_over_trace": 0.6398409898335463,
      "lambda_min_pos": 1.8095771330169065e-09,
      "lambda_min_pos_over_trace": 2.2392320926215022e-07,
      "n_outputs": 26,
      "n_params": 155008,
      "rank": 26,
      "rank_tol": 1e-12,
      "stable_gd_lr_bound": 386.79419469205817,
      "trace": 0.008081239720436516,
      "train_lr_times_lambda_max": 5.1707084218062714e-06,
      "train_lr_times_lambda_min_pos": 1.8095771330169065e-12
    },
    "mace_e3nn": {
      "eigvals": [
        1.955630082570349e-09,
        1.7505196933060444e-07,
        2.1960362612697072e-07,
        4.0618355544707525e-07,
        5.629554022448376e-07,
        7.977479442415702e-07,
        1.1490751922318873e-06,
        2.4939457875281485e-06,
        3.3526681813117604e-06,
        4.097971744822321e-06,
        5.645824061136583e-06,
        6.927752344498902e-06,
        1.2661005029104697e-05,
        2.711565104250682e-05,
        3.859890726288371e-05,
        4.439814562805828e-05,
        6.455512398580683e-05,
        8.934494199208304e-05,
        9.898911281725708e-05,
        0.00018215180243231056,
        0.00021000952766953482,
        0.0002502416788076476,
        0.00046388362841600923,
        0.0006441133868501982,
        0.001200182469331403,
        0.0049113484216609035
      ],
      "kappa_pos": 2511389.278286084,
      "lambda_max": 0.0049113484216609035,
      "lambda_max_over_trace": 0.5943478274484049,
      "lambda_min_pos": 1.955630082570349e-09,
      "lambda_min_pos_over_trace": 2.3666097191193786e-07,
      "n_outputs": 26,
      "n_params": 155008,
      "rank": 26,
      "rank_tol": 1e-12,
      "stable_gd_lr_bound": 407.22014165788846,
      "trace": 0.00826342453836471,
      "train_lr_times_lambda_max": 4.9113484216609035e-06,
      "train_lr_times_lambda_min_pos": 1.955630082570349e-12
    }
  },
  "scale": 0.021162423939098163,
  "seed": 20260616,
  "shift": -1.4147401132535987e-14,
  "split": "val"
}
