{
  "atomic_numbers": [
    1,
    6,
    8
  ],
  "batch_index": 0,
  "batch_size": 2,
  "data_dir": "/tmp/mace_ictd_public_md17/revised_aspirin",
  "dtype": "float64",
  "e0_values": [
    -875.415358317322,
    -984.8422781069872,
    -437.707679158661
  ],
  "max_force_components": 24,
  "modes": {
    "ictd_bridge_u": {
      "eigvals": [
        9.275190230853752e-09,
        2.5224215638600562e-06,
        6.7381753667055115e-06,
        8.321351440429244e-06,
        2.0896501728295965e-05,
        2.434382299135009e-05,
        3.996421658179599e-05,
        5.6408457225132395e-05,
        9.06240062409209e-05,
        0.00011267188355916445,
        0.00015126262919070872,
        0.00019159110885204645,
        0.00032557116692044153,
        0.0003807224132079522,
        0.0004202100251827059,
        0.000686563439155857,
        0.0007453116911510317,
        0.0014208153503206475,
        0.0018837423195484594,
        0.002157125615543634,
        0.002607321360891524,
        0.004255088205824655,
        0.005658479645498047,
        0.007603958162878414,
        0.012015022125378257,
        0.023656680539172817
      ],
      "kappa_pos": 2550533.1912739966,
      "lambda_max": 0.023656680539172817,
      "lambda_max_over_trace": 0.3666453773579846,
      "lambda_min_pos": 9.275190230853752e-09,
      "lambda_min_pos_over_trace": 1.437524430626384e-07,
      "n_outputs": 26,
      "n_params": 155648,
      "rank": 26,
      "rank_tol": 2.365668053917282e-12,
      "stable_gd_lr_bound": 84.54271497170635,
      "trace": 0.06452196591060508,
      "train_lr_times_lambda_max": 2.3656680539172817e-05,
      "train_lr_times_lambda_min_pos": 9.275190230853753e-12
    },
    "ictd_cueq": {
      "eigvals": [
        9.275190231072219e-09,
        2.522421563859982e-06,
        6.738175366705503e-06,
        8.32135144042916e-06,
        2.08965017282964e-05,
        2.434382299135045e-05,
        3.996421658179634e-05,
        5.64084572251319e-05,
        9.062400624092046e-05,
        0.00011267188355916376,
        0.000151262629190709,
        0.00019159110885204615,
        0.00032557116692044175,
        0.0003807224132079514,
        0.00042021002518270604,
        0.0006865634391558572,
        0.0007453116911510309,
        0.0014208153503206462,
        0.0018837423195484588,
        0.0021571256155436353,
        0.0026073213608915255,
        0.004255088205824655,
        0.005658479645498045,
        0.007603958162878412,
        0.012015022125378284,
        0.02365668053917283
      ],
      "kappa_pos": 2550533.191213923,
      "lambda_max": 0.02365668053917283,
      "lambda_max_over_trace": 0.3666453773579846,
      "lambda_min_pos": 9.275190231072219e-09,
      "lambda_min_pos_over_trace": 1.4375244306602423e-07,
      "n_outputs": 26,
      "n_params": 155648,
      "rank": 26,
      "rank_tol": 2.365668053917283e-12,
      "stable_gd_lr_bound": 84.5427149717063,
      "trace": 0.06452196591060512,
      "train_lr_times_lambda_max": 2.365668053917283e-05,
      "train_lr_times_lambda_min_pos": 9.275190231072219e-12
    },
    "mace_e3nn": {
      "eigvals": [
        2.0481078691550235e-10,
        5.6785368130181056e-08,
        1.594685671180817e-07,
        1.8039990040374994e-07,
        4.758111983451319e-07,
        5.53623000282817e-07,
        9.008088523544048e-07,
        1.2455579276476367e-06,
        2.0148890768606284e-06,
        2.4558425074717914e-06,
        3.2775529333545396e-06,
        4.183361096790042e-06,
        6.833365601257473e-06,
        8.099393036542155e-06,
        9.125250787588677e-06,
        1.5216073117006705e-05,
        1.6744842561902637e-05,
        1.929203521618561e-05,
        3.7607694097268174e-05,
        4.942138153758973e-05,
        5.611239662370414e-05,
        8.991861210396829e-05,
        0.0001251895534186457,
        0.00017540923162120384,
        0.0002592922491201085,
        0.0005087801958011092
      ],
      "kappa_pos": 2484147.4585565347,
      "lambda_max": 0.0005087801958011092,
      "lambda_max_over_trace": 0.36535955288736355,
      "lambda_min_pos": 2.0481078691550235e-10,
      "lambda_min_pos_over_trace": 1.4707643526912982e-07,
      "n_outputs": 26,
      "n_params": 155008,
      "rank": 26,
      "rank_tol": 1e-12,
      "stable_gd_lr_bound": 3930.9706165957646,
      "trace": 0.0013925465798836267,
      "train_lr_times_lambda_max": 5.087801958011092e-07,
      "train_lr_times_lambda_min_pos": 2.0481078691550235e-13
    }
  },
  "scale": 0.012504113304353965,
  "seed": 20260616,
  "shift": -3.055900029552694e-13,
  "split": "val"
}
