mode,n_outputs,n_params,rank,rank_tol,lambda_min_pos,lambda_max,kappa_pos,trace,lambda_min_pos_over_trace,lambda_max_over_trace,stable_gd_lr_bound,train_lr_times_lambda_max,train_lr_times_lambda_min_pos
mace_e3nn,26,155008,26,1e-12,2.0481078691550235e-10,0.0005087801958011092,2484147.4585565347,0.0013925465798836267,1.4707643526912982e-07,0.36535955288736355,3930.9706165957646,5.087801958011092e-07,2.0481078691550235e-13
ictd_bridge_u,26,155648,26,2.365668053917282e-12,9.275190230853752e-09,0.023656680539172817,2550533.1912739966,0.06452196591060508,1.437524430626384e-07,0.3666453773579846,84.54271497170635,2.3656680539172817e-05,9.275190230853753e-12
ictd_cueq,26,155648,26,2.365668053917283e-12,9.275190231072219e-09,0.02365668053917283,2550533.191213923,0.06452196591060512,1.4375244306602423e-07,0.3666453773579846,84.5427149717063,2.365668053917283e-05,9.275190231072219e-12
