mode,n_outputs,n_params,rank,rank_tol,lambda_min_pos,lambda_max,kappa_pos,trace,lambda_min_pos_over_trace,lambda_max_over_trace,stable_gd_lr_bound,train_lr_times_lambda_max,train_lr_times_lambda_min_pos
mace_e3nn,26,155008,26,1e-12,9.825362864809034e-10,0.002315441628600849,2356596.555730211,0.005063651508984225,1.940371063722751e-07,0.4572671765607601,863.7661063425465,2.315441628600849e-06,9.825362864809034e-13
mace_cueq,26,155008,26,1e-12,8.451426259166681e-10,0.0024605308707650675,2911379.4468670883,0.004836557109375517,1.7474054514488933e-07,0.5087360316691814,812.8327198667205,2.4605308707650676e-06,8.451426259166681e-13
ictd_bridge_u,26,155648,26,1.0747489020462958e-11,4.3927892772751195e-08,0.10747489020462958,2446620.6644744193,0.2373209261984733,1.8509911231348374e-07,0.45286731316204076,18.608997843050116,0.00010747489020462958,4.392789277275119e-11
ictd_cueq,26,155648,26,1.0747489020462962e-11,4.392789277528552e-08,0.10747489020462961,2446620.6643332676,0.2373209261984733,1.8509911232416262e-07,0.4528673131620409,18.608997843050112,0.00010747489020462961,4.392789277528552e-11
