{
  "atomic_numbers": [
    1,
    6,
    8
  ],
  "batch_index": 1,
  "batch_size": 2,
  "data_dir": "/tmp/mace_ictd_public_md17/revised_ethanol",
  "dtype": "float64",
  "e0_values": [
    -616.0415034450858,
    -205.3471678150286,
    -102.6735839075143
  ],
  "max_force_components": 24,
  "modes": {
    "ictd_bridge_u": {
      "eigvals": [
        4.3927892772751195e-08,
        7.716648449987483e-06,
        1.7069407108911427e-05,
        1.891494004668355e-05,
        4.102012249132372e-05,
        6.224353579287809e-05,
        7.654487443982569e-05,
        0.00011988483077215438,
        0.00015392556967136551,
        0.00023551307900023565,
        0.00027396473885696977,
        0.0005053984451843119,
        0.0006105683209179563,
        0.0011055000022979803,
        0.0013390064847351236,
        0.0025167745066499983,
        0.0036169649668593607,
        0.004574014459325173,
        0.007193804806657258,
        0.008731620064187573,
        0.01026190755943712,
        0.010567767877811255,
        0.013749026625552399,
        0.027825168538729197,
        0.03624167166097592,
        0.10747489020462958
      ],
      "kappa_pos": 2446620.6644744193,
      "lambda_max": 0.10747489020462958,
      "lambda_max_over_trace": 0.45286731316204076,
      "lambda_min_pos": 4.3927892772751195e-08,
      "lambda_min_pos_over_trace": 1.8509911231348374e-07,
      "n_outputs": 26,
      "n_params": 155648,
      "rank": 26,
      "rank_tol": 1.0747489020462958e-11,
      "stable_gd_lr_bound": 18.608997843050116,
      "trace": 0.2373209261984733,
      "train_lr_times_lambda_max": 0.00010747489020462958,
      "train_lr_times_lambda_min_pos": 4.392789277275119e-11
    },
    "ictd_cueq": {
      "eigvals": [
        4.392789277528552e-08,
        7.716648449989404e-06,
        1.7069407108911983e-05,
        1.8914940046684062e-05,
        4.10201224913227e-05,
        6.224353579287814e-05,
        7.654487443982513e-05,
        0.00011988483077215346,
        0.00015392556967136728,
        0.00023551307900023294,
        0.00027396473885697064,
        0.0005053984451843161,
        0.0006105683209179565,
        0.0011055000022979838,
        0.0013390064847351244,
        0.0025167745066499926,
        0.0036169649668593516,
        0.004574014459325171,
        0.007193804806657258,
        0.008731620064187567,
        0.010261907559437119,
        0.010567767877811248,
        0.013749026625552399,
        0.027825168538729197,
        0.03624167166097592,
        0.10747489020462961
      ],
      "kappa_pos": 2446620.6643332676,
      "lambda_max": 0.10747489020462961,
      "lambda_max_over_trace": 0.4528673131620409,
      "lambda_min_pos": 4.392789277528552e-08,
      "lambda_min_pos_over_trace": 1.8509911232416262e-07,
      "n_outputs": 26,
      "n_params": 155648,
      "rank": 26,
      "rank_tol": 1.0747489020462962e-11,
      "stable_gd_lr_bound": 18.608997843050112,
      "trace": 0.2373209261984733,
      "train_lr_times_lambda_max": 0.00010747489020462961,
      "train_lr_times_lambda_min_pos": 4.392789277528552e-11
    },
    "mace_cueq": {
      "eigvals": [
        8.451426259166681e-10,
        2.2129628430620998e-07,
        4.3653974712986794e-07,
        5.329897282902261e-07,
        9.850830977088847e-07,
        1.303765753335322e-06,
        1.951683989411072e-06,
        2.699162069905194e-06,
        2.842546430611921e-06,
        4.466388912677959e-06,
        4.862575800045509e-06,
        8.38221403261917e-06,
        1.3848189081494958e-05,
        2.0316192244874425e-05,
        2.4426589421151958e-05,
        4.60844089147391e-05,
        6.658759917783315e-05,
        7.839309707767758e-05,
        0.00010825539352032874,
        0.00014217232656574743,
        0.00015968141987598763,
        0.00020399045454810584,
        0.0002968978166918483,
        0.00046742560711113897,
        0.0007192620533908544,
        0.0024605308707650675
      ],
      "kappa_pos": 2911379.4468670883,
      "lambda_max": 0.0024605308707650675,
      "lambda_max_over_trace": 0.5087360316691814,
      "lambda_min_pos": 8.451426259166681e-10,
      "lambda_min_pos_over_trace": 1.7474054514488933e-07,
      "n_outputs": 26,
      "n_params": 155008,
      "rank": 26,
      "rank_tol": 1e-12,
      "stable_gd_lr_bound": 812.8327198667205,
      "trace": 0.004836557109375517,
      "train_lr_times_lambda_max": 2.4605308707650676e-06,
      "train_lr_times_lambda_min_pos": 8.451426259166681e-13
    },
    "mace_e3nn": {
      "eigvals": [
        9.825362864809034e-10,
        1.765138203017481e-07,
        3.9849676666617685e-07,
        4.392516177588823e-07,
        9.06883498754499e-07,
        1.3651856734357242e-06,
        1.7113451766351034e-06,
        2.7102538160606004e-06,
        3.4122492756054505e-06,
        5.252061015645146e-06,
        6.019114635019013e-06,
        1.1170149904672109e-05,
        1.4176274178149197e-05,
        2.436455143415536e-05,
        2.9777469630571542e-05,
        5.801131355670075e-05,
        8.16144318285009e-05,
        9.662367497862085e-05,
        0.00010430951227936229,
        0.00015856022700405734,
        0.00021587538991636097,
        0.0002314521478291862,
        0.00030033197236268476,
        0.0006277770979931179,
        0.0007717733296550667,
        0.002315441628600849
      ],
      "kappa_pos": 2356596.555730211,
      "lambda_max": 0.002315441628600849,
      "lambda_max_over_trace": 0.4572671765607601,
      "lambda_min_pos": 9.825362864809034e-10,
      "lambda_min_pos_over_trace": 1.940371063722751e-07,
      "n_outputs": 26,
      "n_params": 155008,
      "rank": 26,
      "rank_tol": 1e-12,
      "stable_gd_lr_bound": 863.7661063425465,
      "trace": 0.005063651508984225,
      "train_lr_times_lambda_max": 2.315441628600849e-06,
      "train_lr_times_lambda_min_pos": 9.825362864809034e-13
    }
  },
  "scale": 0.021162423939098163,
  "seed": 20260616,
  "shift": -1.4147401132535987e-14,
  "split": "val"
}
