{
  "atoms": 1536,
  "case": "benzene_128_grid",
  "dt_fs": 0.25,
  "elapsed_s": 2.2615930512547493,
  "engine": "mace_ictd_bridge_u_float64",
  "ictd_energy0_eV": -809368.0571826089,
  "ictd_energy_final_eV": -809383.1051072847,
  "ictd_temp_mean_K": 142.45580418328038,
  "independent_traj_position_abs_max_A": 3.552713678800501e-15,
  "independent_traj_position_rms_max_A": 1.5755347365574343e-16,
  "independent_traj_velocity_rms_max_A_fs_units": 2.8651411983535787e-16,
  "ms_per_step_including_eval": 226.15930512547493,
  "native_energy0_eV": -809368.0571826049,
  "native_energy_final_eV": -809383.1051072809,
  "native_temp_mean_K": 142.45580418328046,
  "same_frame_energy_abs_max_eV": 3.958120942115784e-09,
  "same_frame_energy_abs_max_meV_per_atom": 2.576901655023297e-09,
  "same_frame_energy_abs_rms_eV": 3.89505303266302e-09,
  "same_frame_energy_rel_max": 4.890290814629963e-15,
  "same_frame_eval_elapsed_s": 2.26532444357872,
  "same_frame_force_abs_max_eV_A": 1.532107773982716e-14,
  "same_frame_force_rel_rms": 3.665554531061829e-15,
  "same_frame_force_rms_eV_A": 2.520916369449755e-15,
  "same_frame_ms_per_frame": 205.93858577988365,
  "steps": 10
}