{
  "atoms": 384,
  "case": "benzene_32_grid",
  "dt_fs": 0.25,
  "elapsed_s": 0.3582794740796089,
  "engine": "mace_ictd_bridge_u",
  "ictd_energy0_eV": -202344.40625,
  "ictd_energy_final_eV": -202350.453125,
  "ictd_temp_mean_K": 156.51374475345796,
  "independent_traj_position_abs_max_A": 5.53581401163683e-07,
  "independent_traj_position_rms_max_A": 7.783145668455064e-08,
  "independent_traj_velocity_rms_max_A_fs_units": 4.5771723033677316e-07,
  "ms_per_step_including_eval": 14.331178963184357,
  "native_energy0_eV": -202344.53125,
  "native_energy_final_eV": -202350.625,
  "native_temp_mean_K": 156.51368019539711,
  "same_frame_energy_abs_max_eV": 0.171875,
  "same_frame_energy_abs_rms_eV": 0.140691757658638,
  "same_frame_energy_rel_max": 8.493919897702318e-07,
  "same_frame_eval_elapsed_s": 0.36899232864379883,
  "same_frame_force_abs_max_eV_A": 8.106231689453125e-06,
  "same_frame_force_rel_rms": 1.702382625092592e-06,
  "same_frame_force_rms_eV_A": 1.4574731618082985e-06,
  "same_frame_ms_per_frame": 14.192012640146109,
  "steps": 25
}