{
  "atoms": 12,
  "case": "benzene_1",
  "dt_fs": 0.25,
  "elapsed_s": 1.6491489931941032,
  "engine": "mace_ictd_bridge_u",
  "ictd_energy0_eV": -6324.11572265625,
  "ictd_energy_final_eV": -6324.01220703125,
  "ictd_temp_mean_K": 52.83423148908707,
  "independent_traj_position_abs_max_A": 6.630032967080979e-07,
  "independent_traj_position_rms_max_A": 1.6570038985935867e-07,
  "independent_traj_velocity_rms_max_A_fs_units": 9.463972725967482e-07,
  "ms_per_step_including_eval": 16.491489931941032,
  "native_energy0_eV": -6324.11474609375,
  "native_energy_final_eV": -6324.01123046875,
  "native_temp_mean_K": 52.83422821122848,
  "same_frame_energy_abs_max_eV": 0.00146484375,
  "same_frame_energy_abs_rms_eV": 0.0009717160060644425,
  "same_frame_energy_rel_max": 2.3162825086389618e-07,
  "same_frame_eval_elapsed_s": 1.300113208591938,
  "same_frame_force_abs_max_eV_A": 6.079673767089844e-06,
  "same_frame_force_rel_rms": 3.2042440153681767e-06,
  "same_frame_force_rms_eV_A": 1.3364575474498851e-06,
  "same_frame_ms_per_frame": 12.872408005860773,
  "steps": 100
}