{
  "atoms": 1536,
  "case": "benzene_128_grid",
  "dt_fs": 0.25,
  "elapsed_s": 0.6127461940050125,
  "engine": "mace_ictd_bridge_u",
  "ictd_energy0_eV": -809368.0625,
  "ictd_energy_final_eV": -809383.125,
  "ictd_temp_mean_K": 142.45592954867243,
  "independent_traj_position_abs_max_A": 3.6759490740223555e-07,
  "independent_traj_position_rms_max_A": 2.212658087862838e-08,
  "independent_traj_velocity_rms_max_A_fs_units": 2.054770449345147e-07,
  "ms_per_step_including_eval": 61.27461940050125,
  "native_energy0_eV": -809360.9375,
  "native_energy_final_eV": -809375.9375,
  "native_temp_mean_K": 142.455869825897,
  "same_frame_energy_abs_max_eV": 7.25,
  "same_frame_energy_abs_rms_eV": 7.159257754188565,
  "same_frame_energy_rel_max": 8.957513048432423e-06,
  "same_frame_eval_elapsed_s": 0.2894178405404091,
  "same_frame_force_abs_max_eV_A": 9.059906005859375e-06,
  "same_frame_force_rel_rms": 2.086259826492584e-06,
  "same_frame_force_rms_eV_A": 1.4347870089083468e-06,
  "same_frame_ms_per_frame": 26.310712776400827,
  "steps": 10
}