{
  "atoms": 12,
  "case": "benzene_1",
  "dt_fs": 0.25,
  "elapsed_s": 1.7264773398637772,
  "engine": "mace_ictd_bridge_u_float64",
  "ictd_energy0_eV": -6324.115674255435,
  "ictd_energy_final_eV": -6324.011872128244,
  "ictd_temp_mean_K": 52.83422426503977,
  "independent_traj_position_abs_max_A": 2.6645352591003757e-15,
  "independent_traj_position_rms_max_A": 8.631542732185249e-16,
  "independent_traj_velocity_rms_max_A_fs_units": 4.748058270221365e-15,
  "ms_per_step_including_eval": 17.26477339863777,
  "native_energy0_eV": -6324.115674255438,
  "native_energy_final_eV": -6324.011872128247,
  "native_temp_mean_K": 52.83422426504003,
  "same_frame_energy_abs_max_eV": 2.7284841053187847e-12,
  "same_frame_energy_abs_max_meV_per_atom": 2.2737367544323206e-10,
  "same_frame_energy_abs_rms_eV": 2.7209696759983097e-12,
  "same_frame_energy_rel_max": 4.3144119897722423e-16,
  "same_frame_eval_elapsed_s": 1.4342749044299126,
  "same_frame_force_abs_max_eV_A": 1.1907141939104804e-14,
  "same_frame_force_rel_rms": 5.540652216467959e-15,
  "same_frame_force_rms_eV_A": 2.3109539756006835e-15,
  "same_frame_ms_per_frame": 14.200741628018937,
  "steps": 100
}