mode,n_outputs,n_params,rank,rank_tol,lambda_min_pos,lambda_max,kappa_pos,trace,lambda_min_pos_over_trace,lambda_max_over_trace,stable_gd_lr_bound,train_lr_times_lambda_max,train_lr_times_lambda_min_pos
mace_e3nn,26,155008,26,1e-12,6.392788989506511e-10,0.001865221578299903,2917696.1438295306,0.003617047244447281,1.7674054435756728e-07,0.5156752047304062,1072.2586652803705,1.8652215782999031e-06,6.392788989506512e-13
ictd_bridge_u,26,155648,26,8.540312160604355e-12,2.8436407398879453e-08,0.08540312160604355,3003302.08412364,0.16789400612255942,1.6937118873750275e-07,0.5086728441258404,23.418347741734888,8.540312160604355e-05,2.8436407398879453e-11
ictd_cueq,26,155648,26,8.540312160604352e-12,2.8436407396329037e-08,0.08540312160604352,3003302.084393,0.16789400612255936,1.6937118872231217e-07,0.5086728441258404,23.418347741734898,8.540312160604352e-05,2.843640739632904e-11
