{
  "atomic_numbers": [
    1,
    6,
    8
  ],
  "batch_index": 1,
  "batch_size": 2,
  "data_dir": "/tmp/mace_ictd_public_md17/revised_ethanol",
  "dtype": "float64",
  "e0_values": [
    -616.0415034450858,
    -205.3471678150286,
    -102.6735839075143
  ],
  "max_force_components": 24,
  "modes": {
    "ictd_bridge_u": {
      "eigvals": [
        2.8436407398879453e-08,
        4.543296099034873e-06,
        1.2054309509974484e-05,
        1.6053177157864733e-05,
        2.7123039352799124e-05,
        4.411250398232525e-05,
        6.642656498938128e-05,
        8.220127416211744e-05,
        0.0001171208965107533,
        0.00013938872354856685,
        0.0001655527428521417,
        0.00027665793597050545,
        0.000329432719635627,
        0.0006638775304352801,
        0.0010599504746688848,
        0.0012361816605823907,
        0.0019166632210177001,
        0.002771704937504202,
        0.0038501995152548036,
        0.005443796848505934,
        0.006535169327176795,
        0.007545991726713967,
        0.011135010572567938,
        0.016311419716845407,
        0.022740223365064073,
        0.08540312160604355
      ],
      "kappa_pos": 3003302.08412364,
      "lambda_max": 0.08540312160604355,
      "lambda_max_over_trace": 0.5086728441258404,
      "lambda_min_pos": 2.8436407398879453e-08,
      "lambda_min_pos_over_trace": 1.6937118873750275e-07,
      "n_outputs": 26,
      "n_params": 155648,
      "rank": 26,
      "rank_tol": 8.540312160604355e-12,
      "stable_gd_lr_bound": 23.418347741734888,
      "trace": 0.16789400612255942,
      "train_lr_times_lambda_max": 8.540312160604355e-05,
      "train_lr_times_lambda_min_pos": 2.8436407398879453e-11
    },
    "ictd_cueq": {
      "eigvals": [
        2.8436407396329037e-08,
        4.5432960990337734e-06,
        1.205430950997416e-05,
        1.6053177157864716e-05,
        2.7123039352797646e-05,
        4.4112503982325186e-05,
        6.642656498938017e-05,
        8.220127416211725e-05,
        0.00011712089651075328,
        0.00013938872354856636,
        0.00016555274285213998,
        0.00027665793597050166,
        0.00032943271963562767,
        0.000663877530435281,
        0.0010599504746688804,
        0.0012361816605823911,
        0.0019166632210176988,
        0.002771704937504196,
        0.0038501995152548036,
        0.005443796848505934,
        0.006535169327176802,
        0.007545991726713969,
        0.011135010572567917,
        0.016311419716845407,
        0.022740223365064094,
        0.08540312160604352
      ],
      "kappa_pos": 3003302.084393,
      "lambda_max": 0.08540312160604352,
      "lambda_max_over_trace": 0.5086728441258404,
      "lambda_min_pos": 2.8436407396329037e-08,
      "lambda_min_pos_over_trace": 1.6937118872231217e-07,
      "n_outputs": 26,
      "n_params": 155648,
      "rank": 26,
      "rank_tol": 8.540312160604352e-12,
      "stable_gd_lr_bound": 23.418347741734898,
      "trace": 0.16789400612255936,
      "train_lr_times_lambda_max": 8.540312160604352e-05,
      "train_lr_times_lambda_min_pos": 2.843640739632904e-11
    },
    "mace_e3nn": {
      "eigvals": [
        6.392788989506511e-10,
        1.0476941935308915e-07,
        2.8150099356803096e-07,
        3.637332936598446e-07,
        5.930789555854883e-07,
        9.888489615333205e-07,
        1.4218450938901963e-06,
        1.933131987460808e-06,
        2.5618814283440325e-06,
        3.1078666672556212e-06,
        3.7369705906824055e-06,
        6.1586040978944835e-06,
        7.470624625068905e-06,
        1.4801621951359175e-05,
        2.3908829496233137e-05,
        2.6807308485914845e-05,
        4.244036347800553e-05,
        6.175528373840286e-05,
        7.43664608942486e-05,
        9.024374566638199e-05,
        0.00012260168015333243,
        0.00015787993482703686,
        0.0002497853853532404,
        0.00036716905863595783,
        0.0004913424980740693,
        0.001865221578299903
      ],
      "kappa_pos": 2917696.1438295306,
      "lambda_max": 0.001865221578299903,
      "lambda_max_over_trace": 0.5156752047304062,
      "lambda_min_pos": 6.392788989506511e-10,
      "lambda_min_pos_over_trace": 1.7674054435756728e-07,
      "n_outputs": 26,
      "n_params": 155008,
      "rank": 26,
      "rank_tol": 1e-12,
      "stable_gd_lr_bound": 1072.2586652803705,
      "trace": 0.003617047244447281,
      "train_lr_times_lambda_max": 1.8652215782999031e-06,
      "train_lr_times_lambda_min_pos": 6.392788989506512e-13
    }
  },
  "scale": 0.021162423939098163,
  "seed": 20260616,
  "shift": -1.4147401132535987e-14,
  "split": "val"
}
