mode,n_outputs,n_params,rank,rank_tol,lambda_min_pos,lambda_max,kappa_pos,trace,lambda_min_pos_over_trace,lambda_max_over_trace,stable_gd_lr_bound,train_lr_times_lambda_max,train_lr_times_lambda_min_pos
mace_e3nn,26,146048,25,1e-12,9.62407793222049e-10,0.0013393449503860144,1391660.541216126,0.0018314071782402626,5.255018133907252e-07,0.7313201380333924,1493.267286686359,1.3393449503860143e-06,9.62407793222049e-13
mace_cueq,26,146048,25,1e-12,1.3999592594544822e-09,0.0017976374351413795,1284064.1061525312,0.002410220605499753,5.808427893529706e-07,0.7458393771256652,1112.5714011639423,1.7976374351413794e-06,1.3999592594544823e-12
ictd_bridge_u,26,146688,26,5.638647637820703e-12,7.4428002265607e-12,0.056386476378207026,7575976065.699547,0.07939378463744481,9.374537642396785e-11,0.710212728057975,35.469497802721115,5.638647637820703e-05,7.4428002265607e-15
ictd_cueq,26,146688,26,5.638647637820704e-12,7.442799142000129e-12,0.05638647637820704,7575977169.666587,0.0793937846374448,9.374536276344549e-11,0.7102127280579753,35.4694978027211,5.638647637820704e-05,7.442799142000129e-15
