{
  "atomic_numbers": [
    1,
    6
  ],
  "batch_index": 2,
  "batch_size": 2,
  "data_dir": "/tmp/mace_ictd_public_md17/revised_benzene",
  "dtype": "float64",
  "e0_values": [
    -525.5414002254565,
    -525.5414002254565
  ],
  "max_force_components": 24,
  "modes": {
    "ictd_bridge_u": {
      "eigvals": [
        7.4428002265607e-12,
        3.638486925502904e-08,
        6.407333664939721e-08,
        1.2127993469123668e-07,
        1.413779160251552e-07,
        1.8843710949040381e-07,
        2.3814506069862298e-07,
        5.393245031837934e-07,
        8.669585407693811e-07,
        1.1872468423769152e-06,
        1.512516741877046e-06,
        1.7205813540347106e-06,
        3.4136286071678044e-06,
        4.18129749181423e-06,
        7.832712381043214e-06,
        1.692532544176573e-05,
        3.810202349178339e-05,
        4.699397457636244e-05,
        9.930328707918193e-05,
        0.00023360845741561174,
        0.00037549736508153426,
        0.0007486448053954906,
        0.0008388102980139781,
        0.003024855209133523,
        0.017562523541476673,
        0.056386476378207026
      ],
      "kappa_pos": 7575976065.699547,
      "lambda_max": 0.056386476378207026,
      "lambda_max_over_trace": 0.710212728057975,
      "lambda_min_pos": 7.4428002265607e-12,
      "lambda_min_pos_over_trace": 9.374537642396785e-11,
      "n_outputs": 26,
      "n_params": 146688,
      "rank": 26,
      "rank_tol": 5.638647637820703e-12,
      "stable_gd_lr_bound": 35.469497802721115,
      "trace": 0.07939378463744481,
      "train_lr_times_lambda_max": 5.638647637820703e-05,
      "train_lr_times_lambda_min_pos": 7.4428002265607e-15
    },
    "ictd_cueq": {
      "eigvals": [
        7.442799142000129e-12,
        3.638486925563917e-08,
        6.407333664895189e-08,
        1.2127993469127217e-07,
        1.4137791602374183e-07,
        1.8843710948986706e-07,
        2.3814506069967116e-07,
        5.393245031836508e-07,
        8.669585407678475e-07,
        1.1872468423747224e-06,
        1.5125167418745736e-06,
        1.7205813540348872e-06,
        3.413628607166141e-06,
        4.181297491814265e-06,
        7.832712381043631e-06,
        1.6925325441765304e-05,
        3.810202349178304e-05,
        4.699397457636344e-05,
        9.930328707918296e-05,
        0.00023360845741561193,
        0.0003754973650815324,
        0.0007486448053954903,
        0.0008388102980139783,
        0.003024855209133529,
        0.01756252354147666,
        0.05638647637820704
      ],
      "kappa_pos": 7575977169.666587,
      "lambda_max": 0.05638647637820704,
      "lambda_max_over_trace": 0.7102127280579753,
      "lambda_min_pos": 7.442799142000129e-12,
      "lambda_min_pos_over_trace": 9.374536276344549e-11,
      "n_outputs": 26,
      "n_params": 146688,
      "rank": 26,
      "rank_tol": 5.638647637820704e-12,
      "stable_gd_lr_bound": 35.4694978027211,
      "trace": 0.0793937846374448,
      "train_lr_times_lambda_max": 5.638647637820704e-05,
      "train_lr_times_lambda_min_pos": 7.442799142000129e-15
    },
    "mace_cueq": {
      "eigvals": [
        3.313059482095317e-13,
        1.3999592594544822e-09,
        2.974072685111199e-09,
        4.839044211722248e-09,
        5.977044390752141e-09,
        8.061262524204674e-09,
        8.97175931799804e-09,
        1.952234205362599e-08,
        2.6730864832324868e-08,
        4.281984165492994e-08,
        4.5373098989753814e-08,
        5.9482597816138186e-08,
        1.0960214150780728e-07,
        1.389874239379661e-07,
        2.475894198731061e-07,
        7.197173143482288e-07,
        8.939505094823617e-07,
        1.328836886419511e-06,
        3.639942845909417e-06,
        4.588551598002428e-06,
        1.3439324345181714e-05,
        1.9817915949984703e-05,
        3.202547657688595e-05,
        4.597482746231491e-05,
        0.0004894322956654836,
        0.0017976374351413795
      ],
      "kappa_pos": 1284064.1061525312,
      "lambda_max": 0.0017976374351413795,
      "lambda_max_over_trace": 0.7458393771256652,
      "lambda_min_pos": 1.3999592594544822e-09,
      "lambda_min_pos_over_trace": 5.808427893529706e-07,
      "n_outputs": 26,
      "n_params": 146048,
      "rank": 25,
      "rank_tol": 1e-12,
      "stable_gd_lr_bound": 1112.5714011639423,
      "trace": 0.002410220605499753,
      "train_lr_times_lambda_max": 1.7976374351413794e-06,
      "train_lr_times_lambda_min_pos": 1.3999592594544823e-12
    },
    "mace_e3nn": {
      "eigvals": [
        1.8692401924775136e-13,
        9.62407793222049e-10,
        1.7871884455588512e-09,
        3.4462286226059106e-09,
        3.7896342623416576e-09,
        5.110946582727794e-09,
        5.929413452522574e-09,
        1.3346108168964894e-08,
        2.1893930853732738e-08,
        2.9916465704599084e-08,
        3.750494003064428e-08,
        4.315847800005277e-08,
        8.598305721390678e-08,
        1.0117082181605383e-07,
        1.8783588924132777e-07,
        3.931241534936158e-07,
        8.918760934338688e-07,
        1.0929885301391926e-06,
        2.358261558548916e-06,
        5.542962430732415e-06,
        9.13992715866243e-06,
        1.7507355822319353e-05,
        2.025003128555483e-05,
        4.422784198356697e-05,
        0.0003901160231406843,
        0.0013393449503860144
      ],
      "kappa_pos": 1391660.541216126,
      "lambda_max": 0.0013393449503860144,
      "lambda_max_over_trace": 0.7313201380333924,
      "lambda_min_pos": 9.62407793222049e-10,
      "lambda_min_pos_over_trace": 5.255018133907252e-07,
      "n_outputs": 26,
      "n_params": 146048,
      "rank": 25,
      "rank_tol": 1e-12,
      "stable_gd_lr_bound": 1493.267286686359,
      "trace": 0.0018314071782402626,
      "train_lr_times_lambda_max": 1.3393449503860143e-06,
      "train_lr_times_lambda_min_pos": 9.62407793222049e-13
    }
  },
  "scale": 0.008778662203336804,
  "seed": 20260616,
  "shift": 8.564370219954487e-14,
  "split": "val"
}
