mode,n_outputs,n_params,rank,rank_tol,lambda_min_pos,lambda_max,kappa_pos,trace,lambda_min_pos_over_trace,lambda_max_over_trace,stable_gd_lr_bound,train_lr_times_lambda_max,train_lr_times_lambda_min_pos
mace_e3nn,26,146048,26,1.0834548449786122e-12,6.760421570885761e-11,0.010834548449786121,160264390.8546455,0.01868621675190458,3.617865328569899e-09,0.5798149830773968,184.59467962778652,1.083454844978612e-05,6.760421570885761e-14
mace_cueq,26,146048,26,1.6320659967610758e-12,9.013729782405756e-11,0.016320659967610757,181064446.81165922,0.026721407538877428,3.3732241721516835e-09,0.6107709687023617,122.54406402492972,1.6320659967610756e-05,9.013729782405756e-14
ictd_bridge_u,26,146688,26,4.589934307669702e-11,2.755304649957324e-09,0.4589934307669702,166585364.98825252,0.8968919956228578,3.072058467913819e-09,0.5117599811426754,4.357360837731456,0.0004589934307669702,2.7553046499573243e-12
ictd_cueq,26,146688,26,4.5899343076696975e-11,2.755304653736785e-09,0.45899343076696975,166585364.75974664,0.8968919956228573,3.072058472127774e-09,0.5117599811426752,4.357360837731459,0.00045899343076696977,2.7553046537367852e-12
