{
  "atomic_numbers": [
    1,
    8
  ],
  "batch_index": 0,
  "batch_size": 2,
  "data_dir": "/tmp/mace_ictd_public_water/cheng_water",
  "dtype": "float64",
  "e0_values": [
    -187.6046096165751,
    -93.80230480828754
  ],
  "max_force_components": 24,
  "modes": {
    "ictd_bridge_u": {
      "eigvals": [
        2.755304649957324e-09,
        1.3987384383061093e-05,
        2.683620663509882e-05,
        3.0315812804434168e-05,
        4.038216679478455e-05,
        7.748248009731397e-05,
        0.00011198107832030541,
        0.00020785046645647407,
        0.00024384125456856592,
        0.0004193721690967152,
        0.0005794669160956072,
        0.000650298144772869,
        0.0008689387776640526,
        0.0013238203416244885,
        0.0017564842567166347,
        0.0026947386002974935,
        0.003995642023710809,
        0.005259848438900047,
        0.008830037044670443,
        0.011299906011344568,
        0.016817082868483248,
        0.024795424555826402,
        0.03134481481141945,
        0.06559182478653755,
        0.2609181855033625,
        0.4589934307669702
      ],
      "kappa_pos": 166585364.98825252,
      "lambda_max": 0.4589934307669702,
      "lambda_max_over_trace": 0.5117599811426754,
      "lambda_min_pos": 2.755304649957324e-09,
      "lambda_min_pos_over_trace": 3.072058467913819e-09,
      "n_outputs": 26,
      "n_params": 146688,
      "rank": 26,
      "rank_tol": 4.589934307669702e-11,
      "stable_gd_lr_bound": 4.357360837731456,
      "trace": 0.8968919956228578,
      "train_lr_times_lambda_max": 0.0004589934307669702,
      "train_lr_times_lambda_min_pos": 2.7553046499573243e-12
    },
    "ictd_cueq": {
      "eigvals": [
        2.755304653736785e-09,
        1.398738438304094e-05,
        2.683620663509213e-05,
        3.0315812804424196e-05,
        4.0382166794785964e-05,
        7.748248009731793e-05,
        0.00011198107832029682,
        0.0002078504664564685,
        0.00024384125456856223,
        0.0004193721690967087,
        0.000579466916095607,
        0.0006502981447728669,
        0.0008689387776640439,
        0.0013238203416244799,
        0.0017564842567166265,
        0.002694738600297471,
        0.003995642023710804,
        0.00525984843890005,
        0.00883003704467043,
        0.011299906011344568,
        0.016817082868483206,
        0.02479542455582632,
        0.03134481481141945,
        0.06559182478653758,
        0.26091818550336265,
        0.45899343076696975
      ],
      "kappa_pos": 166585364.75974664,
      "lambda_max": 0.45899343076696975,
      "lambda_max_over_trace": 0.5117599811426752,
      "lambda_min_pos": 2.755304653736785e-09,
      "lambda_min_pos_over_trace": 3.072058472127774e-09,
      "n_outputs": 26,
      "n_params": 146688,
      "rank": 26,
      "rank_tol": 4.5899343076696975e-11,
      "stable_gd_lr_bound": 4.357360837731459,
      "trace": 0.8968919956228573,
      "train_lr_times_lambda_max": 0.00045899343076696977,
      "train_lr_times_lambda_min_pos": 2.7553046537367852e-12
    },
    "mace_cueq": {
      "eigvals": [
        9.013729782405756e-11,
        5.57040594424592e-07,
        9.58026637883964e-07,
        1.1525428543355703e-06,
        1.5641947677800813e-06,
        2.514756173191238e-06,
        3.961143219269475e-06,
        6.9388344207305976e-06,
        8.697345740427109e-06,
        1.4546251536856056e-05,
        1.7920624864990494e-05,
        2.3636243413923226e-05,
        3.020834382228691e-05,
        4.3046020793824894e-05,
        6.534086487645644e-05,
        8.570323169289721e-05,
        0.0001093635265750213,
        0.00017841512575648955,
        0.0003139348125859359,
        0.00035943453923191303,
        0.0005570283026743395,
        0.001045594906887797,
        0.0012465644290770889,
        0.0023032135842393072,
        0.0039804527886922025,
        0.016320659967610757
      ],
      "kappa_pos": 181064446.81165922,
      "lambda_max": 0.016320659967610757,
      "lambda_max_over_trace": 0.6107709687023617,
      "lambda_min_pos": 9.013729782405756e-11,
      "lambda_min_pos_over_trace": 3.3732241721516835e-09,
      "n_outputs": 26,
      "n_params": 146048,
      "rank": 26,
      "rank_tol": 1.6320659967610758e-12,
      "stable_gd_lr_bound": 122.54406402492972,
      "trace": 0.026721407538877428,
      "train_lr_times_lambda_max": 1.6320659967610756e-05,
      "train_lr_times_lambda_min_pos": 9.013729782405756e-14
    },
    "mace_e3nn": {
      "eigvals": [
        6.760421570885761e-11,
        3.412613111968411e-07,
        6.538174876259149e-07,
        7.455504351492653e-07,
        1.0305235200593468e-06,
        1.871156479484602e-06,
        2.721158587714391e-06,
        4.890318974220703e-06,
        5.767360770909401e-06,
        9.842187231683543e-06,
        1.3686083239850116e-05,
        1.550207668687058e-05,
        2.0407405359913197e-05,
        3.134194567336696e-05,
        4.0083420163961134e-05,
        6.549201850362963e-05,
        9.473373762947511e-05,
        0.00012077938548026899,
        0.00019696043282229418,
        0.0002687993049720406,
        0.00039020527851164465,
        0.0006015925810333269,
        0.0007308499652980748,
        0.0015499611031848924,
        0.0036834101611565896,
        0.010834548449786121
      ],
      "kappa_pos": 160264390.8546455,
      "lambda_max": 0.010834548449786121,
      "lambda_max_over_trace": 0.5798149830773968,
      "lambda_min_pos": 6.760421570885761e-11,
      "lambda_min_pos_over_trace": 3.617865328569899e-09,
      "n_outputs": 26,
      "n_params": 146048,
      "rank": 26,
      "rank_tol": 1.0834548449786122e-12,
      "stable_gd_lr_bound": 184.59467962778652,
      "trace": 0.01868621675190458,
      "train_lr_times_lambda_max": 1.083454844978612e-05,
      "train_lr_times_lambda_min_pos": 6.760421570885761e-14
    }
  },
  "scale": 0.07926993149408268,
  "seed": 20260616,
  "shift": -4.795208327634803e-13,
  "split": "val"
}
