{
  "atomic_numbers": [
    1,
    6,
    8
  ],
  "batch_index": 2,
  "batch_size": 2,
  "data_dir": "/tmp/mace_ictd_public_md17/revised_aspirin",
  "dtype": "float64",
  "e0_values": [
    -875.415358317322,
    -984.8422781069872,
    -437.707679158661
  ],
  "max_force_components": 24,
  "modes": {
    "ictd_bridge_u": {
      "eigvals": [
        8.49408074226337e-09,
        8.083098934862861e-06,
        9.469876345860955e-06,
        1.6818668593527493e-05,
        2.1949534186435428e-05,
        3.7205837882934794e-05,
        4.297047452140873e-05,
        6.493831848028231e-05,
        0.0001126208824553029,
        0.00013055493186760243,
        0.00017279497208289252,
        0.00024769457870653475,
        0.00034631215856494296,
        0.00042123255272486713,
        0.0006725714923948116,
        0.0006799548762614206,
        0.0008441872734859288,
        0.0012743948217822714,
        0.0018783521709133757,
        0.0019264934193917544,
        0.002317845217623237,
        0.004713303788008726,
        0.007243043429568898,
        0.010704134497994596,
        0.01646454527626011,
        0.03423039590800259
      ],
      "kappa_pos": 4029911.764045865,
      "lambda_max": 0.03423039590800259,
      "lambda_max_over_trace": 0.4047013060453431,
      "lambda_min_pos": 8.49408074226337e-09,
      "lambda_min_pos_over_trace": 1.0042435907803592e-07,
      "n_outputs": 26,
      "n_params": 155648,
      "rank": 26,
      "rank_tol": 3.423039590800259e-12,
      "stable_gd_lr_bound": 58.427603506988014,
      "trace": 0.0845818765511159,
      "train_lr_times_lambda_max": 3.4230395908002585e-05,
      "train_lr_times_lambda_min_pos": 8.49408074226337e-12
    },
    "ictd_cueq": {
      "eigvals": [
        8.494080742873233e-09,
        8.083098934862278e-06,
        9.469876345861315e-06,
        1.6818668593528893e-05,
        2.194953418643538e-05,
        3.7205837882936075e-05,
        4.2970474521408905e-05,
        6.49383184802823e-05,
        0.00011262088245530325,
        0.00013055493186760227,
        0.0001727949720828928,
        0.0002476945787065347,
        0.00034631215856494355,
        0.0004212325527248667,
        0.0006725714923948122,
        0.0006799548762614198,
        0.0008441872734859293,
        0.0012743948217822708,
        0.0018783521709133787,
        0.0019264934193917564,
        0.002317845217623236,
        0.004713303788008726,
        0.007243043429568895,
        0.010704134497994594,
        0.016464545276260102,
        0.03423039590800259
      ],
      "kappa_pos": 4029911.7637565224,
      "lambda_max": 0.03423039590800259,
      "lambda_max_over_trace": 0.4047013060453431,
      "lambda_min_pos": 8.494080742873233e-09,
      "lambda_min_pos_over_trace": 1.0042435908524625e-07,
      "n_outputs": 26,
      "n_params": 155648,
      "rank": 26,
      "rank_tol": 3.423039590800259e-12,
      "stable_gd_lr_bound": 58.427603506988014,
      "trace": 0.0845818765511159,
      "train_lr_times_lambda_max": 3.4230395908002585e-05,
      "train_lr_times_lambda_min_pos": 8.494080742873233e-12
    },
    "mace_e3nn": {
      "eigvals": [
        1.7957163332724722e-10,
        1.8110068314962545e-07,
        2.090112175369592e-07,
        3.8218480687567353e-07,
        5.140874388468646e-07,
        8.42990063949185e-07,
        9.508697105132844e-07,
        1.409726462042564e-06,
        2.3252033239351507e-06,
        3.0352122273364103e-06,
        3.817817106141115e-06,
        5.409837654963582e-06,
        7.6008933388525e-06,
        9.265620259462407e-06,
        1.3745989449809915e-05,
        1.4820378933125142e-05,
        1.8031173043161737e-05,
        1.949521589298217e-05,
        3.310945656973906e-05,
        4.2084932689751135e-05,
        4.808207481060676e-05,
        0.00010173306007168974,
        0.00016618248321406041,
        0.00025664359749707246,
        0.0003745297327330442,
        0.0007155199741182866
      ],
      "kappa_pos": 3984593.562248997,
      "lambda_max": 0.0007155199741182866,
      "lambda_max_over_trace": 0.388885866839067,
      "lambda_min_pos": 1.7957163332724722e-10,
      "lambda_min_pos_over_trace": 9.759737367531429e-08,
      "n_outputs": 26,
      "n_params": 155008,
      "rank": 26,
      "rank_tol": 1e-12,
      "stable_gd_lr_bound": 2795.1700474393306,
      "trace": 0.001839922802888568,
      "train_lr_times_lambda_max": 7.155199741182867e-07,
      "train_lr_times_lambda_min_pos": 1.795716333272472e-13
    }
  },
  "scale": 0.012504113304353965,
  "seed": 20260616,
  "shift": -3.055900029552694e-13,
  "split": "val"
}
