mode,n_outputs,n_params,rank,rank_tol,lambda_min_pos,lambda_max,kappa_pos,trace,lambda_min_pos_over_trace,lambda_max_over_trace,stable_gd_lr_bound,train_lr_times_lambda_max,train_lr_times_lambda_min_pos
mace_e3nn,26,155008,26,1e-12,1.7957163332724722e-10,0.0007155199741182866,3984593.562248997,0.001839922802888568,9.759737367531429e-08,0.388885866839067,2795.1700474393306,7.155199741182867e-07,1.795716333272472e-13
ictd_bridge_u,26,155648,26,3.423039590800259e-12,8.49408074226337e-09,0.03423039590800259,4029911.764045865,0.0845818765511159,1.0042435907803592e-07,0.4047013060453431,58.427603506988014,3.4230395908002585e-05,8.49408074226337e-12
ictd_cueq,26,155648,26,3.423039590800259e-12,8.494080742873233e-09,0.03423039590800259,4029911.7637565224,0.0845818765511159,1.0042435908524625e-07,0.4047013060453431,58.427603506988014,3.4230395908002585e-05,8.494080742873233e-12
