mode,n_outputs,n_params,rank,rank_tol,lambda_min_pos,lambda_max,kappa_pos,trace,lambda_min_pos_over_trace,lambda_max_over_trace,stable_gd_lr_bound,train_lr_times_lambda_max,train_lr_times_lambda_min_pos
mace_e3nn,26,146048,26,1e-12,8.580255085877026e-10,0.0068421178915108564,7974259.300021141,0.015111370214294961,5.678012625063165e-08,0.45277944981047397,292.3071528015379,6.8421178915108565e-06,8.580255085877025e-13
mace_cueq,26,146048,26,1.0007016847162427e-12,1.2950920643108507e-09,0.010007016847162428,7726876.816658898,0.02127183913545002,6.088293805083122e-08,0.4704349625550477,199.8597614599916,1.0007016847162428e-05,1.2950920643108507e-12
ictd_bridge_u,26,146688,26,2.949413799385727e-11,3.610161308157814e-08,0.2949413799385727,8169756.272998084,0.7499492060745508,4.813874431649089e-08,0.39328180835390236,6.781008485199801,0.00029494137993857274,3.610161308157814e-11
ictd_cueq,26,146688,26,2.9494137993857277e-11,3.6101613088077226e-08,0.2949413799385728,8169756.27152735,0.749949206074551,4.813874432515692e-08,0.39328180835390236,6.781008485199799,0.0002949413799385728,3.6101613088077226e-11
