{
  "atomic_numbers": [
    1,
    8
  ],
  "batch_index": 1,
  "batch_size": 2,
  "data_dir": "/tmp/mace_ictd_public_water/cheng_water",
  "dtype": "float64",
  "e0_values": [
    -187.6046096165751,
    -93.80230480828754
  ],
  "max_force_components": 24,
  "modes": {
    "ictd_bridge_u": {
      "eigvals": [
        3.610161308157814e-08,
        5.704317555822306e-06,
        1.65207361579358e-05,
        2.450351665707189e-05,
        3.8157307957521105e-05,
        4.9383849306486086e-05,
        8.115540278110241e-05,
        0.00012956250022621172,
        0.0002556400185713652,
        0.0004276066585083322,
        0.000520436922185304,
        0.0005748516453381113,
        0.0008666582555806398,
        0.0015702263025344355,
        0.0020925138392646372,
        0.002307448410084759,
        0.003952835187075519,
        0.004502817805986873,
        0.005571972485341698,
        0.011388799458163996,
        0.012479596283747806,
        0.020372713146581373,
        0.02913284565568746,
        0.0983225203364359,
        0.26032331999263464,
        0.2949413799385727
      ],
      "kappa_pos": 8169756.272998084,
      "lambda_max": 0.2949413799385727,
      "lambda_max_over_trace": 0.39328180835390236,
      "lambda_min_pos": 3.610161308157814e-08,
      "lambda_min_pos_over_trace": 4.813874431649089e-08,
      "n_outputs": 26,
      "n_params": 146688,
      "rank": 26,
      "rank_tol": 2.949413799385727e-11,
      "stable_gd_lr_bound": 6.781008485199801,
      "trace": 0.7499492060745508,
      "train_lr_times_lambda_max": 0.00029494137993857274,
      "train_lr_times_lambda_min_pos": 3.610161308157814e-11
    },
    "ictd_cueq": {
      "eigvals": [
        3.6101613088077226e-08,
        5.7043175558275105e-06,
        1.652073615793862e-05,
        2.4503516657072833e-05,
        3.815730795751897e-05,
        4.938384930649144e-05,
        8.115540278110506e-05,
        0.0001295625002262113,
        0.00025564001857137096,
        0.0004276066585083291,
        0.0005204369221853086,
        0.0005748516453381055,
        0.0008666582555806377,
        0.0015702263025344303,
        0.0020925138392646316,
        0.0023074484100847623,
        0.003952835187075523,
        0.004502817805986861,
        0.005571972485341719,
        0.01138879945816399,
        0.012479596283747797,
        0.020372713146581407,
        0.029132845655687443,
        0.09832252033643601,
        0.26032331999263464,
        0.2949413799385728
      ],
      "kappa_pos": 8169756.27152735,
      "lambda_max": 0.2949413799385728,
      "lambda_max_over_trace": 0.39328180835390236,
      "lambda_min_pos": 3.6101613088077226e-08,
      "lambda_min_pos_over_trace": 4.813874432515692e-08,
      "n_outputs": 26,
      "n_params": 146688,
      "rank": 26,
      "rank_tol": 2.9494137993857277e-11,
      "stable_gd_lr_bound": 6.781008485199799,
      "trace": 0.749949206074551,
      "train_lr_times_lambda_max": 0.0002949413799385728,
      "train_lr_times_lambda_min_pos": 3.6101613088077226e-11
    },
    "mace_cueq": {
      "eigvals": [
        1.2950920643108507e-09,
        1.8802633994553912e-07,
        5.582477090619026e-07,
        1.1084524195134722e-06,
        1.4101307862618096e-06,
        1.644005984655037e-06,
        2.8672059321285823e-06,
        4.935270908164858e-06,
        8.661589177664973e-06,
        1.3262150878357801e-05,
        1.6713143251570908e-05,
        1.847262344757302e-05,
        2.30492642287022e-05,
        4.106077035526389e-05,
        5.85224720339122e-05,
        7.317658353119712e-05,
        0.00011236005288521222,
        0.0001609622091224744,
        0.00019567177278417868,
        0.0003680980454645822,
        0.0005157920867555627,
        0.0007604436624617614,
        0.0011995159769830977,
        0.003687926225377343,
        0.003998421024377345,
        0.010007016847162428
      ],
      "kappa_pos": 7726876.816658898,
      "lambda_max": 0.010007016847162428,
      "lambda_max_over_trace": 0.4704349625550477,
      "lambda_min_pos": 1.2950920643108507e-09,
      "lambda_min_pos_over_trace": 6.088293805083122e-08,
      "n_outputs": 26,
      "n_params": 146048,
      "rank": 26,
      "rank_tol": 1.0007016847162427e-12,
      "stable_gd_lr_bound": 199.8597614599916,
      "trace": 0.02127183913545002,
      "train_lr_times_lambda_max": 1.0007016847162428e-05,
      "train_lr_times_lambda_min_pos": 1.2950920643108507e-12
    },
    "mace_e3nn": {
      "eigvals": [
        8.580255085877026e-10,
        1.4278701781660864e-07,
        3.9657759424003953e-07,
        6.188776047085785e-07,
        9.972936389852422e-07,
        1.2140291908990367e-06,
        1.972108132562408e-06,
        3.1849164132502427e-06,
        6.150077912373054e-06,
        9.782896916469347e-06,
        1.2214645746663756e-05,
        1.433063709065204e-05,
        2.0337024159325736e-05,
        3.6318764240890536e-05,
        4.734855052034872e-05,
        5.4531556107091586e-05,
        9.181949076663018e-05,
        0.00010379639105249141,
        0.00013084375247561497,
        0.000258125792483298,
        0.0002922060267554173,
        0.0004648658859967556,
        0.0007051027750977452,
        0.002331933645790703,
        0.0036810169620536642,
        0.0068421178915108564
      ],
      "kappa_pos": 7974259.300021141,
      "lambda_max": 0.0068421178915108564,
      "lambda_max_over_trace": 0.45277944981047397,
      "lambda_min_pos": 8.580255085877026e-10,
      "lambda_min_pos_over_trace": 5.678012625063165e-08,
      "n_outputs": 26,
      "n_params": 146048,
      "rank": 26,
      "rank_tol": 1e-12,
      "stable_gd_lr_bound": 292.3071528015379,
      "trace": 0.015111370214294961,
      "train_lr_times_lambda_max": 6.8421178915108565e-06,
      "train_lr_times_lambda_min_pos": 8.580255085877025e-13
    }
  },
  "scale": 0.07926993149408268,
  "seed": 20260616,
  "shift": -4.795208327634803e-13,
  "split": "val"
}
