{
  "atoms": 9,
  "case": "acetamide",
  "dt_fs": 0.25,
  "ictd_elapsed_s": 141.7330190166831,
  "ictd_energy0_eV": -5697.0054875282885,
  "ictd_energy_final_eV": -5696.971747842039,
  "ictd_ms_per_step_including_eval": 14.17330190166831,
  "ictd_temp_mean_K": 59.67041118018847,
  "independent_traj_position_abs_max_A": 2.0981971715627878e-10,
  "independent_traj_position_rms_max_A": 4.782435452249188e-11,
  "independent_traj_velocity_rms_max_A_fs_units": 3.517344503394378e-11,
  "native_elapsed_s": 181.19953205436468,
  "native_energy0_eV": -5697.00548752829,
  "native_energy_final_eV": -5696.971747842053,
  "native_ms_per_step_including_eval": 18.119953205436467,
  "native_temp_mean_K": 59.67041118023915,
  "same_frame_energy_abs_max_eV": 2.7284841053187847e-12,
  "same_frame_energy_abs_max_meV_per_atom": 3.0316490059097606e-10,
  "same_frame_energy_abs_rms_eV": 1.8203075613884964e-12,
  "same_frame_energy_rel_max": 4.789330309215777e-16,
  "same_frame_eval_elapsed_s": 137.92438666522503,
  "same_frame_force_abs_max_eV_A": 1.942890293094024e-14,
  "same_frame_force_rel_rms": 4.8967108954243785e-15,
  "same_frame_force_rms_eV_A": 2.301243879151083e-15,
  "same_frame_ms_per_frame": 13.791059560566445,
  "steps": 10000
}