{
  "atoms": 9,
  "case": "ethanol",
  "dt_fs": 0.25,
  "ictd_elapsed_s": 142.22425941377878,
  "ictd_energy0_eV": -4221.597309889492,
  "ictd_energy_final_eV": -4221.525761056877,
  "ictd_ms_per_step_including_eval": 14.222425941377878,
  "ictd_temp_mean_K": 53.65931768355442,
  "independent_traj_position_abs_max_A": 1.4285461702456814e-11,
  "independent_traj_position_rms_max_A": 6.7887545887770396e-12,
  "independent_traj_velocity_rms_max_A_fs_units": 7.953269021075322e-13,
  "native_elapsed_s": 180.25571458041668,
  "native_energy0_eV": -4221.597309889495,
  "native_energy_final_eV": -4221.52576105688,
  "native_ms_per_step_including_eval": 18.025571458041668,
  "native_temp_mean_K": 53.659317683510544,
  "same_frame_energy_abs_max_eV": 3.637978807091713e-12,
  "same_frame_energy_abs_max_meV_per_atom": 4.042198674546348e-10,
  "same_frame_energy_abs_rms_eV": 2.728696291279247e-12,
  "same_frame_energy_rel_max": 8.617541039666195e-16,
  "same_frame_eval_elapsed_s": 137.98764552176,
  "same_frame_force_abs_max_eV_A": 1.2656542480726785e-14,
  "same_frame_force_rel_rms": 4.6306470640046936e-15,
  "same_frame_force_rms_eV_A": 1.8950288268242177e-15,
  "same_frame_ms_per_frame": 13.797384813694629,
  "steps": 10000
}