{
  "atoms": 12,
  "case": "benzene",
  "dt_fs": 0.25,
  "ictd_elapsed_s": 141.35582169890404,
  "ictd_energy0_eV": -6324.115674255435,
  "ictd_energy_final_eV": -6324.04082733581,
  "ictd_ms_per_step_including_eval": 14.135582169890403,
  "ictd_temp_mean_K": 54.22352717849195,
  "independent_traj_position_abs_max_A": 5.6061821851471905e-12,
  "independent_traj_position_rms_max_A": 2.536177117492795e-12,
  "independent_traj_velocity_rms_max_A_fs_units": 3.547874065892809e-13,
  "native_elapsed_s": 180.1532785370946,
  "native_energy0_eV": -6324.115674255438,
  "native_energy_final_eV": -6324.0408273358125,
  "native_ms_per_step_including_eval": 18.015327853709458,
  "native_temp_mean_K": 54.22352717851875,
  "same_frame_energy_abs_max_eV": 3.637978807091713e-12,
  "same_frame_energy_abs_max_meV_per_atom": 3.0316490059097606e-10,
  "same_frame_energy_abs_rms_eV": 2.729544870174621e-12,
  "same_frame_energy_rel_max": 5.752549186769778e-16,
  "same_frame_eval_elapsed_s": 136.69908332824707,
  "same_frame_force_abs_max_eV_A": 1.4765966227514582e-14,
  "same_frame_force_rel_rms": 5.0778907182996324e-15,
  "same_frame_force_rms_eV_A": 2.2207581614317283e-15,
  "same_frame_ms_per_frame": 13.66854147867684,
  "steps": 10000
}