{
  "atoms": 8,
  "case": "acetic_acid",
  "dt_fs": 0.25,
  "ictd_elapsed_s": 140.49154441058636,
  "ictd_energy0_eV": -6238.051992708528,
  "ictd_energy_final_eV": -6238.006325239125,
  "ictd_ms_per_step_including_eval": 14.049154441058636,
  "ictd_temp_mean_K": 59.90399661779548,
  "independent_traj_position_abs_max_A": 4.087397087459976e-12,
  "independent_traj_position_rms_max_A": 1.629000135647854e-12,
  "independent_traj_velocity_rms_max_A_fs_units": 4.79834049270065e-13,
  "native_elapsed_s": 181.72564735263586,
  "native_energy0_eV": -6238.05199270853,
  "native_energy_final_eV": -6238.006325239126,
  "native_ms_per_step_including_eval": 18.172564735263585,
  "native_temp_mean_K": 59.90399661786105,
  "same_frame_energy_abs_max_eV": 2.7284841053187847e-12,
  "same_frame_energy_abs_max_meV_per_atom": 3.410605131648481e-10,
  "same_frame_energy_abs_rms_eV": 1.8206255944350564e-12,
  "same_frame_energy_rel_max": 4.37393369412254e-16,
  "same_frame_eval_elapsed_s": 137.43451011925936,
  "same_frame_force_abs_max_eV_A": 1.7763568394002505e-14,
  "same_frame_force_rel_rms": 4.024666165906612e-15,
  "same_frame_force_rms_eV_A": 2.227049858429795e-15,
  "same_frame_ms_per_frame": 13.742076804245512,
  "steps": 10000
}