mode,n_outputs,n_params,rank,rank_tol,lambda_min_pos,lambda_max,kappa_pos,trace,lambda_min_pos_over_trace,lambda_max_over_trace,stable_gd_lr_bound,train_lr_times_lambda_max,train_lr_times_lambda_min_pos
mace_e3nn,26,155008,26,1e-12,4.142468296949093e-10,0.000725184905557179,1750610.6349474636,0.0019474172456131803,2.127160117473829e-07,0.37238291238857807,2757.9173045022862,7.25184905557179e-07,4.142468296949093e-13
mace_cueq,26,155008,26,1e-12,3.6411674517461933e-10,0.0007266902906093492,1995761.7995866975,0.0018503075840555206,1.967871441009527e-07,0.39274026484644403,2752.2041037908275,7.266902906093493e-07,3.6411674517461934e-13
ictd_bridge_u,26,155648,26,3.417648556718171e-12,1.8363280990632375e-08,0.03417648556718171,1861131.7653210282,0.09166968018205188,2.0032011624960098e-07,0.37282213158493344,58.519767811366734,3.417648556718171e-05,1.8363280990632376e-11
ictd_cueq,26,155648,26,3.417648556718171e-12,1.8363280990747572e-08,0.03417648556718171,1861131.765309353,0.09166968018205185,2.0032011625085768e-07,0.37282213158493355,58.519767811366734,3.417648556718171e-05,1.8363280990747574e-11
