{
  "atomic_numbers": [
    1,
    6,
    8
  ],
  "batch_index": 0,
  "batch_size": 2,
  "data_dir": "/tmp/mace_ictd_public_md17/revised_aspirin",
  "dtype": "float64",
  "e0_values": [
    -875.415358317322,
    -984.8422781069872,
    -437.707679158661
  ],
  "max_force_components": 24,
  "modes": {
    "ictd_bridge_u": {
      "eigvals": [
        1.8363280990632375e-08,
        4.441346806440114e-06,
        1.1186969298142885e-05,
        1.4678864828527274e-05,
        3.487483057578744e-05,
        4.1590183463606076e-05,
        6.137247829653334e-05,
        8.924301045546616e-05,
        0.0001292033051902207,
        0.0001917646261146697,
        0.0002031834907371063,
        0.000303975901969233,
        0.0005228404835735553,
        0.0007121798820363719,
        0.0009688630982270001,
        0.0009902656806060354,
        0.0016333978776960796,
        0.00238461824770451,
        0.0025598381209467435,
        0.0037558014987556384,
        0.004503455549175768,
        0.006159471659787041,
        0.007516111496605648,
        0.010709533255956156,
        0.013991284392782901,
        0.03417648556718171
      ],
      "kappa_pos": 1861131.7653210282,
      "lambda_max": 0.03417648556718171,
      "lambda_max_over_trace": 0.37282213158493344,
      "lambda_min_pos": 1.8363280990632375e-08,
      "lambda_min_pos_over_trace": 2.0032011624960098e-07,
      "n_outputs": 26,
      "n_params": 155648,
      "rank": 26,
      "rank_tol": 3.417648556718171e-12,
      "stable_gd_lr_bound": 58.519767811366734,
      "trace": 0.09166968018205188,
      "train_lr_times_lambda_max": 3.417648556718171e-05,
      "train_lr_times_lambda_min_pos": 1.8363280990632376e-11
    },
    "ictd_cueq": {
      "eigvals": [
        1.8363280990747572e-08,
        4.441346806441064e-06,
        1.1186969298142435e-05,
        1.4678864828526486e-05,
        3.4874830575786735e-05,
        4.15901834636059e-05,
        6.137247829653239e-05,
        8.924301045546626e-05,
        0.0001292033051902202,
        0.00019176462611466966,
        0.00020318349073710577,
        0.0003039759019692334,
        0.0005228404835735545,
        0.0007121798820363697,
        0.0009688630982269998,
        0.000990265680606035,
        0.001633397877696078,
        0.0023846182477045095,
        0.0025598381209467405,
        0.003755801498755635,
        0.00450345554917577,
        0.006159471659787042,
        0.00751611149660565,
        0.010709533255956142,
        0.013991284392782903,
        0.03417648556718171
      ],
      "kappa_pos": 1861131.765309353,
      "lambda_max": 0.03417648556718171,
      "lambda_max_over_trace": 0.37282213158493355,
      "lambda_min_pos": 1.8363280990747572e-08,
      "lambda_min_pos_over_trace": 2.0032011625085768e-07,
      "n_outputs": 26,
      "n_params": 155648,
      "rank": 26,
      "rank_tol": 3.417648556718171e-12,
      "stable_gd_lr_bound": 58.519767811366734,
      "trace": 0.09166968018205185,
      "train_lr_times_lambda_max": 3.417648556718171e-05,
      "train_lr_times_lambda_min_pos": 1.8363280990747574e-11
    },
    "mace_cueq": {
      "eigvals": [
        3.6411674517461933e-10,
        1.0524666594269823e-07,
        2.398230709791078e-07,
        3.0322943035187664e-07,
        6.803337695630006e-07,
        8.166321999175617e-07,
        1.105463546284574e-06,
        1.7644119273441046e-06,
        2.6971929106726192e-06,
        4.055366070711281e-06,
        4.178858936907754e-06,
        6.075669653720838e-06,
        1.0062440027966404e-05,
        1.2922645301679246e-05,
        1.7159066033751353e-05,
        2.2884411214135002e-05,
        2.8518443153531524e-05,
        3.234833335017188e-05,
        5.256319854377466e-05,
        6.463933788442507e-05,
        7.768849939796008e-05,
        0.0001228520486582169,
        0.0001743050035344413,
        0.00022037847506757477,
        0.0002652727989794027,
        0.0007266902906093492
      ],
      "kappa_pos": 1995761.7995866975,
      "lambda_max": 0.0007266902906093492,
      "lambda_max_over_trace": 0.39274026484644403,
      "lambda_min_pos": 3.6411674517461933e-10,
      "lambda_min_pos_over_trace": 1.967871441009527e-07,
      "n_outputs": 26,
      "n_params": 155008,
      "rank": 26,
      "rank_tol": 1e-12,
      "stable_gd_lr_bound": 2752.2041037908275,
      "trace": 0.0018503075840555206,
      "train_lr_times_lambda_max": 7.266902906093493e-07,
      "train_lr_times_lambda_min_pos": 3.6411674517461934e-13
    },
    "mace_e3nn": {
      "eigvals": [
        4.142468296949093e-10,
        1.0134415620919119e-07,
        2.6021348446283777e-07,
        3.363001125391285e-07,
        7.820646448675095e-07,
        9.35767290786401e-07,
        1.3550501096785273e-06,
        1.980096912864991e-06,
        2.855536388277615e-06,
        4.322924258577623e-06,
        4.419016766759229e-06,
        6.759264623223667e-06,
        1.1623893840005525e-05,
        1.5713874709005802e-05,
        2.070239770116587e-05,
        2.2856929072396676e-05,
        2.739819561847324e-05,
        3.586112721439265e-05,
        5.620694317553814e-05,
        8.191402230256232e-05,
        9.929721626052973e-05,
        0.00013457458039197815,
        0.00016319364066428191,
        0.00022427133559869007,
        0.000304510190511905,
        0.000725184905557179
      ],
      "kappa_pos": 1750610.6349474636,
      "lambda_max": 0.000725184905557179,
      "lambda_max_over_trace": 0.37238291238857807,
      "lambda_min_pos": 4.142468296949093e-10,
      "lambda_min_pos_over_trace": 2.127160117473829e-07,
      "n_outputs": 26,
      "n_params": 155008,
      "rank": 26,
      "rank_tol": 1e-12,
      "stable_gd_lr_bound": 2757.9173045022862,
      "trace": 0.0019474172456131803,
      "train_lr_times_lambda_max": 7.25184905557179e-07,
      "train_lr_times_lambda_min_pos": 4.142468296949093e-13
    }
  },
  "scale": 0.012504113304353965,
  "seed": 20260616,
  "shift": -3.055900029552694e-13,
  "split": "val"
}
