{
  "atomic_numbers": [
    1,
    8
  ],
  "batch_index": 2,
  "batch_size": 2,
  "data_dir": "/tmp/mace_ictd_public_water/cheng_water",
  "dtype": "float64",
  "e0_values": [
    -187.6046096165751,
    -93.80230480828754
  ],
  "max_force_components": 24,
  "modes": {
    "ictd_bridge_u": {
      "eigvals": [
        7.278327898995734e-09,
        2.0805072496918575e-05,
        2.936671412323416e-05,
        3.650969836279534e-05,
        6.436590274222976e-05,
        7.420510730794036e-05,
        8.114833328397853e-05,
        0.0001787904641217905,
        0.0002002096297411028,
        0.0004565292753448212,
        0.0006527504021176883,
        0.0008284203514776896,
        0.001250493267107852,
        0.0012815930306270531,
        0.002432129546432086,
        0.002977628209870674,
        0.003830311666911063,
        0.007003315790860525,
        0.007989174472919514,
        0.013063145342568442,
        0.015912313137514008,
        0.02172428085873037,
        0.05783883713917273,
        0.13688068104949652,
        0.26103203626889976,
        0.4086671815135966
      ],
      "kappa_pos": 56148498.27938978,
      "lambda_max": 0.4086671815135966,
      "lambda_max_over_trace": 0.43267812190024857,
      "lambda_min_pos": 7.278327898995734e-09,
      "lambda_min_pos_over_trace": 7.705960714163394e-09,
      "n_outputs": 26,
      "n_params": 146688,
      "rank": 26,
      "rank_tol": 4.086671815135966e-11,
      "stable_gd_lr_bound": 4.893957945417887,
      "trace": 0.9445062295241553,
      "train_lr_times_lambda_max": 0.0004086671815135966,
      "train_lr_times_lambda_min_pos": 7.278327898995734e-12
    },
    "ictd_cueq": {
      "eigvals": [
        7.278327884134118e-09,
        2.0805072496929465e-05,
        2.9366714123239336e-05,
        3.650969836279314e-05,
        6.436590274222337e-05,
        7.420510730793485e-05,
        8.114833328398054e-05,
        0.00017879046412179057,
        0.00020020962974109352,
        0.00045652927534483055,
        0.0006527504021176876,
        0.0008284203514776961,
        0.0012504932671078544,
        0.0012815930306270527,
        0.0024321295464320757,
        0.0029776282098706646,
        0.0038303116669110822,
        0.0070033157908605224,
        0.0079891744729195,
        0.013063145342568425,
        0.015912313137513994,
        0.021724280858730356,
        0.057838837139172705,
        0.1368806810494965,
        0.26103203626889965,
        0.40866718151359643
      ],
      "kappa_pos": 56148498.39403936,
      "lambda_max": 0.40866718151359643,
      "lambda_max_over_trace": 0.43267812190024857,
      "lambda_min_pos": 7.278327884134118e-09,
      "lambda_min_pos_over_trace": 7.705960698428597e-09,
      "n_outputs": 26,
      "n_params": 146688,
      "rank": 26,
      "rank_tol": 4.0866718151359643e-11,
      "stable_gd_lr_bound": 4.893957945417889,
      "trace": 0.9445062295241549,
      "train_lr_times_lambda_max": 0.00040866718151359645,
      "train_lr_times_lambda_min_pos": 7.278327884134117e-12
    },
    "mace_cueq": {
      "eigvals": [
        2.9038212630072837e-10,
        7.098832335726409e-07,
        1.1504399934730066e-06,
        1.561287565918114e-06,
        2.16664220034228e-06,
        2.562977824755633e-06,
        3.503892827184437e-06,
        5.348759116302986e-06,
        7.096672674832183e-06,
        1.223157746007871e-05,
        2.477881560221316e-05,
        2.9372111370070737e-05,
        3.783588413024805e-05,
        5.042715152441279e-05,
        6.562807322164267e-05,
        8.996395556642451e-05,
        0.00011402743631467792,
        0.0001778480428440828,
        0.00027124434590732364,
        0.0005187700076592373,
        0.0005741451167987885,
        0.0007338308382144964,
        0.0023555514334895953,
        0.003974567150073354,
        0.004910399892876037,
        0.01454620072783968
      ],
      "kappa_pos": 50093306.06242342,
      "lambda_max": 0.01454620072783968,
      "lambda_max_over_trace": 0.5101974608235877,
      "lambda_min_pos": 2.9038212630072837e-10,
      "lambda_min_pos_over_trace": 1.0184942878152398e-08,
      "n_outputs": 26,
      "n_params": 146048,
      "rank": 26,
      "rank_tol": 1.454620072783968e-12,
      "stable_gd_lr_bound": 137.4929466064799,
      "trace": 0.02851092340671087,
      "train_lr_times_lambda_max": 1.454620072783968e-05,
      "train_lr_times_lambda_min_pos": 2.9038212630072837e-13
    },
    "mace_e3nn": {
      "eigvals": [
        1.7768402122335072e-10,
        5.060023185744857e-07,
        7.18494916347402e-07,
        8.738422994784384e-07,
        1.5997324272950147e-06,
        1.8117793720102757e-06,
        1.9938620655579237e-06,
        4.324130264752797e-06,
        4.788967348887191e-06,
        1.0735863985181977e-05,
        1.5633407549240416e-05,
        1.8669075398411758e-05,
        2.8412970535344587e-05,
        3.1795181373520406e-05,
        5.6114827458588226e-05,
        7.066275559771643e-05,
        9.003056407509697e-05,
        0.00016573608659440836,
        0.0001882582515743411,
        0.00030096224430196976,
        0.0003716151034519938,
        0.0005111060772063946,
        0.0013364156532653815,
        0.003225578471526959,
        0.0037094099780528664,
        0.00960429857580685
      ],
      "kappa_pos": 54052685.82780521,
      "lambda_max": 0.00960429857580685,
      "lambda_max_over_trace": 0.4862430768526221,
      "lambda_min_pos": 1.7768402122335072e-10,
      "lambda_min_pos_over_trace": 8.99572462322481e-09,
      "n_outputs": 26,
      "n_params": 146048,
      "rank": 26,
      "rank_tol": 1e-12,
      "stable_gd_lr_bound": 208.24009001948187,
      "trace": 0.01975205207645119,
      "train_lr_times_lambda_max": 9.604298575806852e-06,
      "train_lr_times_lambda_min_pos": 1.7768402122335071e-13
    }
  },
  "scale": 0.07926993149408268,
  "seed": 20260616,
  "shift": -4.795208327634803e-13,
  "split": "val"
}
