mode,n_outputs,n_params,rank,rank_tol,lambda_min_pos,lambda_max,kappa_pos,trace,lambda_min_pos_over_trace,lambda_max_over_trace,stable_gd_lr_bound,train_lr_times_lambda_max,train_lr_times_lambda_min_pos
mace_e3nn,26,146048,26,1e-12,1.7768402122335072e-10,0.00960429857580685,54052685.82780521,0.01975205207645119,8.99572462322481e-09,0.4862430768526221,208.24009001948187,9.604298575806852e-06,1.7768402122335071e-13
mace_cueq,26,146048,26,1.454620072783968e-12,2.9038212630072837e-10,0.01454620072783968,50093306.06242342,0.02851092340671087,1.0184942878152398e-08,0.5101974608235877,137.4929466064799,1.454620072783968e-05,2.9038212630072837e-13
ictd_bridge_u,26,146688,26,4.086671815135966e-11,7.278327898995734e-09,0.4086671815135966,56148498.27938978,0.9445062295241553,7.705960714163394e-09,0.43267812190024857,4.893957945417887,0.0004086671815135966,7.278327898995734e-12
ictd_cueq,26,146688,26,4.0866718151359643e-11,7.278327884134118e-09,0.40866718151359643,56148498.39403936,0.9445062295241549,7.705960698428597e-09,0.43267812190024857,4.893957945417889,0.00040866718151359645,7.278327884134117e-12
