{
  "atomic_numbers": [
    1,
    6
  ],
  "batch_index": 0,
  "batch_size": 2,
  "data_dir": "/tmp/mace_ictd_public_md17/revised_benzene",
  "dtype": "float64",
  "e0_values": [
    -525.5414002254565,
    -525.5414002254565
  ],
  "max_force_components": 24,
  "modes": {
    "ictd_bridge_u": {
      "eigvals": [
        2.887659194428352e-12,
        2.431077224630801e-08,
        4.881562220412921e-08,
        7.290167244339797e-08,
        1.0669546202283348e-07,
        1.6228703953607152e-07,
        2.306726773390387e-07,
        3.8274014021493205e-07,
        4.253329250617592e-07,
        6.961975065810831e-07,
        1.0565612219104884e-06,
        1.9718520588338388e-06,
        2.3869094015299365e-06,
        4.094068695554255e-06,
        8.94711996388818e-06,
        2.19801411506971e-05,
        4.424898064134617e-05,
        6.256206307962803e-05,
        0.00014632232512094178,
        0.00030199129524455747,
        0.00040436741645746464,
        0.0004538639880958345,
        0.0007376894562290094,
        0.00304728254414279,
        0.014100913494162367,
        0.05723430509448239
      ],
      "kappa_pos": 2354277.5406147107,
      "lambda_max": 0.05723430509448239,
      "lambda_max_over_trace": 0.7474170169317786,
      "lambda_min_pos": 2.431077224630801e-08,
      "lambda_min_pos_over_trace": 3.1747192250605473e-07,
      "n_outputs": 26,
      "n_params": 146688,
      "rank": 25,
      "rank_tol": 5.72343050944824e-12,
      "stable_gd_lr_bound": 34.94407762439676,
      "trace": 0.07657613326685406,
      "train_lr_times_lambda_max": 5.7234305094482394e-05,
      "train_lr_times_lambda_min_pos": 2.431077224630801e-11
    },
    "ictd_cueq": {
      "eigvals": [
        2.887662063686288e-12,
        2.4310772246524316e-08,
        4.881562220387635e-08,
        7.290167244390526e-08,
        1.0669546202238861e-07,
        1.6228703953645539e-07,
        2.3067267733873198e-07,
        3.8274014021490203e-07,
        4.253329250616865e-07,
        6.961975065810421e-07,
        1.0565612219103468e-06,
        1.971852058833411e-06,
        2.386909401529823e-06,
        4.094068695553576e-06,
        8.947119963888318e-06,
        2.198014115069735e-05,
        4.4248980641347315e-05,
        6.25620630796283e-05,
        0.0001463223251209413,
        0.0003019912952445568,
        0.0004043674164574641,
        0.0004538639880958337,
        0.0007376894562290103,
        0.0030472825441427934,
        0.014100913494162374,
        0.05723430509448242
      ],
      "kappa_pos": 2354277.5405937647,
      "lambda_max": 0.05723430509448242,
      "lambda_max_over_trace": 0.7474170169317785,
      "lambda_min_pos": 2.4310772246524316e-08,
      "lambda_min_pos_over_trace": 3.1747192250887927e-07,
      "n_outputs": 26,
      "n_params": 146688,
      "rank": 25,
      "rank_tol": 5.723430509448242e-12,
      "stable_gd_lr_bound": 34.94407762439675,
      "trace": 0.0765761332668541,
      "train_lr_times_lambda_max": 5.723430509448242e-05,
      "train_lr_times_lambda_min_pos": 2.4310772246524316e-11
    },
    "mace_e3nn": {
      "eigvals": [
        9.427007707047429e-14,
        6.339737731768657e-10,
        1.4387488618022724e-09,
        2.0990086885657705e-09,
        2.8107304252918037e-09,
        5.082835786480368e-09,
        5.867490147695199e-09,
        1.1150300173196753e-08,
        1.1851706382595329e-08,
        1.774042347580952e-08,
        2.975431136463678e-08,
        5.1822854701126116e-08,
        6.259773896988489e-08,
        1.0946030252294817e-07,
        2.1796481862507406e-07,
        5.390661217322568e-07,
        1.1176452951453223e-06,
        1.5881073711720382e-06,
        3.888774667434272e-06,
        7.201250183629728e-06,
        1.030544892467057e-05,
        1.085598377505993e-05,
        1.8046507452450953e-05,
        4.820704299011446e-05,
        0.0003449427474685793,
        0.0013661092193139645
      ],
      "kappa_pos": 2154835.542278573,
      "lambda_max": 0.0013661092193139645,
      "lambda_max_over_trace": 0.7533695800907954,
      "lambda_min_pos": 6.339737731768657e-10,
      "lambda_min_pos_over_trace": 3.4961813340713923e-07,
      "n_outputs": 26,
      "n_params": 146048,
      "rank": 25,
      "rank_tol": 1e-12,
      "stable_gd_lr_bound": 1464.0117874355346,
      "trace": 0.0018133320689021216,
      "train_lr_times_lambda_max": 1.3661092193139644e-06,
      "train_lr_times_lambda_min_pos": 6.339737731768657e-13
    }
  },
  "scale": 0.008778662203336804,
  "seed": 20260616,
  "shift": 8.564370219954487e-14,
  "split": "val"
}
