mode,n_outputs,n_params,rank,rank_tol,lambda_min_pos,lambda_max,kappa_pos,trace,lambda_min_pos_over_trace,lambda_max_over_trace,stable_gd_lr_bound,train_lr_times_lambda_max,train_lr_times_lambda_min_pos
mace_e3nn,26,146048,25,1e-12,6.339737731768657e-10,0.0013661092193139645,2154835.542278573,0.0018133320689021216,3.4961813340713923e-07,0.7533695800907954,1464.0117874355346,1.3661092193139644e-06,6.339737731768657e-13
ictd_bridge_u,26,146688,25,5.72343050944824e-12,2.431077224630801e-08,0.05723430509448239,2354277.5406147107,0.07657613326685406,3.1747192250605473e-07,0.7474170169317786,34.94407762439676,5.7234305094482394e-05,2.431077224630801e-11
ictd_cueq,26,146688,25,5.723430509448242e-12,2.4310772246524316e-08,0.05723430509448242,2354277.5405937647,0.0765761332668541,3.1747192250887927e-07,0.7474170169317785,34.94407762439675,5.723430509448242e-05,2.4310772246524316e-11
